[{"model": "contenttypes.contenttype", "fields": {"app_label": "cms", "model": "placeholder"}}, {"model": "contenttypes.contenttype", "fields": {"app_label": "cms", "model": "page"}}, {"model": "contenttypes.contenttype", "fields": {"app_label": "auth", "model": "permission"}}, {"model": "contenttypes.contenttype", "fields": {"app_label": "auth", "model": "group"}}, {"model": "contenttypes.contenttype", "fields": {"app_label": "auth", "model": "user"}}, {"model": "contenttypes.contenttype", "fields": {"app_label": "contenttypes", "model": "contenttype"}}, {"model": "contenttypes.contenttype", "fields": {"app_label": "sessions", "model": "session"}}, {"model": "contenttypes.contenttype", "fields": {"app_label": "admin", "model": "logentry"}}, {"model": "contenttypes.contenttype", "fields": {"app_label": "sites", "model": "site"}}, {"model": "contenttypes.contenttype", "fields": {"app_label": "cms", "model": "cmsplugin"}}, {"model": "contenttypes.contenttype", "fields": {"app_label": "cms", "model": "aliaspluginmodel"}}, {"model": "contenttypes.contenttype", "fields": {"app_label": "cms", "model": "globalpagepermission"}}, {"model": "contenttypes.contenttype", "fields": {"app_label": "cms", "model": "pagepermission"}}, {"model": "contenttypes.contenttype", "fields": {"app_label": "cms", "model": "pageuser"}}, {"model": "contenttypes.contenttype", "fields": {"app_label": "cms", "model": "pageusergroup"}}, {"model": "contenttypes.contenttype", "fields": {"app_label": "cms", "model": "placeholderreference"}}, {"model": "contenttypes.contenttype", "fields": {"app_label": "cms", "model": "staticplaceholder"}}, {"model": "contenttypes.contenttype", "fields": {"app_label": "cms", "model": "title"}}, {"model": "contenttypes.contenttype", "fields": {"app_label": "cms", "model": "usersettings"}}, {"model": "contenttypes.contenttype", "fields": {"app_label": "cms", "model": "urlconfrevision"}}, {"model": "contenttypes.contenttype", "fields": {"app_label": "cms", "model": "treenode"}}, {"model": "contenttypes.contenttype", "fields": {"app_label": "cms", "model": "pagetype"}}, {"model": "contenttypes.contenttype", "fields": {"app_label": "menus", "model": "cachekey"}}, {"model": "contenttypes.contenttype", "fields": {"app_label": "djangocms_text_ckeditor", "model": "text"}}, {"model": "contenttypes.contenttype", "fields": {"app_label": "filer", "model": "clipboard"}}, {"model": "contenttypes.contenttype", "fields": {"app_label": "filer", "model": "clipboarditem"}}, {"model": "contenttypes.contenttype", "fields": {"app_label": "filer", "model": "file"}}, {"model": "contenttypes.contenttype", "fields": {"app_label": "filer", "model": "folder"}}, {"model": "contenttypes.contenttype", "fields": {"app_label": "filer", "model": "folderpermission"}}, {"model": "contenttypes.contenttype", "fields": {"app_label": "filer", "model": "image"}}, {"model": "contenttypes.contenttype", "fields": {"app_label": "filer", "model": "thumbnailoption"}}, {"model": "contenttypes.contenttype", "fields": {"app_label": "easy_thumbnails", "model": "source"}}, {"model": "contenttypes.contenttype", "fields": {"app_label": "easy_thumbnails", "model": "thumbnail"}}, {"model": "contenttypes.contenttype", "fields": {"app_label": "easy_thumbnails", "model": "thumbnaildimensions"}}, {"model": "contenttypes.contenttype", "fields": {"app_label": "djangocms_column", "model": "column"}}, {"model": "contenttypes.contenttype", "fields": {"app_label": "djangocms_column", "model": "multicolumns"}}, {"model": "contenttypes.contenttype", "fields": {"app_label": "djangocms_file", "model": "file"}}, {"model": "contenttypes.contenttype", "fields": {"app_label": "djangocms_file", "model": "folder"}}, {"model": "contenttypes.contenttype", "fields": {"app_label": "djangocms_link", "model": "link"}}, {"model": "contenttypes.contenttype", "fields": {"app_label": "djangocms_picture", "model": "picture"}}, {"model": "contenttypes.contenttype", "fields": {"app_label": "djangocms_style", "model": "style"}}, {"model": "contenttypes.contenttype", "fields": {"app_label": "djangocms_snippet", "model": "snippet"}}, {"model": "contenttypes.contenttype", "fields": {"app_label": "djangocms_snippet", "model": "snippetptr"}}, {"model": "contenttypes.contenttype", "fields": {"app_label": "djangocms_googlemap", "model": "googlemap"}}, {"model": "contenttypes.contenttype", "fields": {"app_label": "djangocms_googlemap", "model": "googlemapmarker"}}, {"model": "contenttypes.contenttype", "fields": {"app_label": "djangocms_googlemap", "model": "googlemaproute"}}, {"model": "contenttypes.contenttype", "fields": {"app_label": "djangocms_video", "model": "videoplayer"}}, {"model": "contenttypes.contenttype", "fields": {"app_label": "djangocms_video", "model": "videosource"}}, {"model": "contenttypes.contenttype", "fields": {"app_label": "djangocms_video", "model": "videotrack"}}, {"model": "contenttypes.contenttype", "fields": {"app_label": "social_icons", "model": "icon"}}, {"model": "contenttypes.contenttype", "fields": {"app_label": "social_icons", "model": "socialicon"}}, {"model": "contenttypes.contenttype", "fields": {"app_label": "social_icons", "model": "social"}}, {"model": "contenttypes.contenttype", "fields": {"app_label": "resume_item", "model": "resumeitem"}}, {"model": "contenttypes.contenttype", "fields": {"app_label": "resume_section", "model": "resumesection"}}, {"model": "contenttypes.contenttype", "fields": {"app_label": "resume_main_info", "model": "resumemaininfo"}}, {"model": "contenttypes.contenttype", "fields": {"app_label": "resume_subheading", "model": "resumesubheading"}}, {"model": "contenttypes.contenttype", "fields": {"app_label": "dev_icons", "model": "dev"}}, {"model": "contenttypes.contenttype", "fields": {"app_label": "dev_icons", "model": "devicon"}}, {"model": "contenttypes.contenttype", "fields": {"app_label": "dev_icons", "model": "icon"}}, {"model": "sessions.session", "pk": "zd7o5qxju1jbbmbc9ehg5g3oh829dy9a", "fields": {"session_data": "OTAyODQ2YjZjZWI4ZGEwMmRkMjBhNGM4MzI3YjMwNzg3OWRlNjBmZTp7ImNtc190b29sYmFyX2Rpc2FibGVkIjpmYWxzZSwiY21zX2VkaXQiOmZhbHNlLCJjbXNfcHJldmlldyI6dHJ1ZSwiX2F1dGhfdXNlcl9pZCI6IjEiLCJfYXV0aF91c2VyX2JhY2tlbmQiOiJkamFuZ28uY29udHJpYi5hdXRoLmJhY2tlbmRzLk1vZGVsQmFja2VuZCIsIl9hdXRoX3VzZXJfaGFzaCI6IjMxN2Q3NzdmMWI5YTQ4YjgyNGQxYjhlYjI0YTVkZWNhMjNkOGFlNjIifQ==", "expire_date": "2019-03-10T11:43:42.980Z"}}, {"model": "sites.site", "fields": {"domain": "example.com", "name": "example.com"}}, {"model": "cms.treenode", "pk": 3, "fields": {"path": "0001", "depth": 1, "numchild": 0, "parent": null, "site": ["example.com"]}}, {"model": "cms.treenode", "pk": 4, "fields": {"path": "0002", "depth": 1, "numchild": 0, "parent": null, "site": ["example.com"]}}, {"model": "cms.treenode", "pk": 5, "fields": {"path": "0003", "depth": 1, "numchild": 0, "parent": null, "site": ["example.com"]}}, {"model": "cms.treenode", "pk": 6, "fields": {"path": "0004", "depth": 1, "numchild": 0, "parent": null, "site": ["example.com"]}}, {"model": "cms.treenode", "pk": 7, "fields": {"path": "0005", "depth": 1, "numchild": 0, "parent": null, "site": ["example.com"]}}, {"model": "cms.treenode", "pk": 8, "fields": {"path": "0006", "depth": 1, "numchild": 0, "parent": null, "site": ["example.com"]}}, {"model": "cms.page", "pk": 4, "fields": {"created_by": "admin", "changed_by": "admin", "creation_date": "2019-02-16T10:29:42.320Z", "changed_date": "2019-02-16T10:29:42.346Z", "publication_date": "2019-02-16T10:29:42.331Z", "publication_end_date": null, "in_navigation": true, "soft_root": false, "reverse_id": null, "navigation_extenders": null, "template": "INHERIT", "login_required": false, "limit_visibility_in_menu": null, "is_home": true, "application_urls": null, "application_namespace": null, "publisher_is_draft": true, "publisher_public": 5, "languages": "en", "xframe_options": 0, "is_page_type": false, "node": 3, "placeholders": [5]}}, {"model": "cms.page", "pk": 5, "fields": {"created_by": "admin", "changed_by": "admin", "creation_date": "2019-02-16T10:29:42.331Z", "changed_date": "2019-02-24T11:06:50.010Z", "publication_date": "2019-02-16T10:29:42.331Z", "publication_end_date": null, "in_navigation": true, "soft_root": false, "reverse_id": null, "navigation_extenders": null, "template": "INHERIT", "login_required": false, "limit_visibility_in_menu": null, "is_home": true, "application_urls": null, "application_namespace": null, "publisher_is_draft": false, "publisher_public": 4, "languages": "en", "xframe_options": 0, "is_page_type": false, "node": 3, "placeholders": [6]}}, {"model": "cms.page", "pk": 6, "fields": {"created_by": "admin", "changed_by": "admin", "creation_date": "2019-02-16T10:29:58.226Z", "changed_date": "2019-02-16T10:29:58.240Z", "publication_date": "2019-02-16T10:31:17.488Z", "publication_end_date": null, "in_navigation": true, "soft_root": false, "reverse_id": null, "navigation_extenders": null, "template": "INHERIT", "login_required": false, "limit_visibility_in_menu": null, "is_home": false, "application_urls": null, "application_namespace": null, "publisher_is_draft": true, "publisher_public": 15, "languages": "en", "xframe_options": 0, "is_page_type": false, "node": 4, "placeholders": [7]}}, {"model": "cms.page", "pk": 7, "fields": {"created_by": "admin", "changed_by": "admin", "creation_date": "2019-02-16T10:30:07.493Z", "changed_date": "2019-02-16T10:30:07.507Z", "publication_date": "2019-02-16T10:31:15.505Z", "publication_end_date": null, "in_navigation": true, "soft_root": false, "reverse_id": null, "navigation_extenders": null, "template": "INHERIT", "login_required": false, "limit_visibility_in_menu": null, "is_home": false, "application_urls": null, "application_namespace": null, "publisher_is_draft": true, "publisher_public": 14, "languages": "en", "xframe_options": 0, "is_page_type": false, "node": 5, "placeholders": [8]}}, {"model": "cms.page", "pk": 8, "fields": {"created_by": "admin", "changed_by": "admin", "creation_date": "2019-02-16T10:30:15.773Z", "changed_date": "2019-02-16T10:30:15.785Z", "publication_date": "2019-02-16T10:31:13.026Z", "publication_end_date": null, "in_navigation": true, "soft_root": false, "reverse_id": null, "navigation_extenders": null, "template": "INHERIT", "login_required": false, "limit_visibility_in_menu": null, "is_home": false, "application_urls": null, "application_namespace": null, "publisher_is_draft": true, "publisher_public": 13, "languages": "en", "xframe_options": 0, "is_page_type": false, "node": 6, "placeholders": [9]}}, {"model": "cms.page", "pk": 9, "fields": {"created_by": "admin", "changed_by": "admin", "creation_date": "2019-02-16T10:30:21.741Z", "changed_date": "2019-02-16T10:30:21.754Z", "publication_date": "2019-02-16T10:31:11.034Z", "publication_end_date": null, "in_navigation": true, "soft_root": false, "reverse_id": null, "navigation_extenders": null, "template": "INHERIT", "login_required": false, "limit_visibility_in_menu": null, "is_home": false, "application_urls": null, "application_namespace": null, "publisher_is_draft": true, "publisher_public": 12, "languages": "en", "xframe_options": 0, "is_page_type": false, "node": 7, "placeholders": [10]}}, {"model": "cms.page", "pk": 10, "fields": {"created_by": "admin", "changed_by": "admin", "creation_date": "2019-02-16T10:30:30.654Z", "changed_date": "2019-02-16T10:30:30.670Z", "publication_date": "2019-02-16T10:31:08.865Z", "publication_end_date": null, "in_navigation": true, "soft_root": false, "reverse_id": null, "navigation_extenders": null, "template": "INHERIT", "login_required": false, "limit_visibility_in_menu": null, "is_home": false, "application_urls": null, "application_namespace": null, "publisher_is_draft": true, "publisher_public": 11, "languages": "en", "xframe_options": 0, "is_page_type": false, "node": 8, "placeholders": [11]}}, {"model": "cms.page", "pk": 11, "fields": {"created_by": "admin", "changed_by": "admin", "creation_date": "2019-02-16T10:31:08.865Z", "changed_date": "2019-02-16T15:57:11.127Z", "publication_date": "2019-02-16T10:31:08.865Z", "publication_end_date": null, "in_navigation": true, "soft_root": false, "reverse_id": null, "navigation_extenders": null, "template": "INHERIT", "login_required": false, "limit_visibility_in_menu": null, "is_home": false, "application_urls": null, "application_namespace": null, "publisher_is_draft": false, "publisher_public": 10, "languages": "en", "xframe_options": 0, "is_page_type": false, "node": 8, "placeholders": [12]}}, {"model": "cms.page", "pk": 12, "fields": {"created_by": "admin", "changed_by": "admin", "creation_date": "2019-02-16T10:31:11.034Z", "changed_date": "2019-02-16T15:58:32.852Z", "publication_date": "2019-02-16T10:31:11.034Z", "publication_end_date": null, "in_navigation": true, "soft_root": false, "reverse_id": null, "navigation_extenders": null, "template": "INHERIT", "login_required": false, "limit_visibility_in_menu": null, "is_home": false, "application_urls": null, "application_namespace": null, "publisher_is_draft": false, "publisher_public": 9, "languages": "en", "xframe_options": 0, "is_page_type": false, "node": 7, "placeholders": [13]}}, {"model": "cms.page", "pk": 13, "fields": {"created_by": "admin", "changed_by": "admin", "creation_date": "2019-02-16T10:31:13.026Z", "changed_date": "2019-02-24T11:43:42.529Z", "publication_date": "2019-02-16T10:31:13.026Z", "publication_end_date": null, "in_navigation": true, "soft_root": false, "reverse_id": null, "navigation_extenders": null, "template": "INHERIT", "login_required": false, "limit_visibility_in_menu": null, "is_home": false, "application_urls": null, "application_namespace": null, "publisher_is_draft": false, "publisher_public": 8, "languages": "en", "xframe_options": 0, "is_page_type": false, "node": 6, "placeholders": [14]}}, {"model": "cms.page", "pk": 14, "fields": {"created_by": "admin", "changed_by": "admin", "creation_date": "2019-02-16T10:31:15.505Z", "changed_date": "2019-02-24T11:37:03.370Z", "publication_date": "2019-02-16T10:31:15.505Z", "publication_end_date": null, "in_navigation": true, "soft_root": false, "reverse_id": null, "navigation_extenders": null, "template": "INHERIT", "login_required": false, "limit_visibility_in_menu": null, "is_home": false, "application_urls": null, "application_namespace": null, "publisher_is_draft": false, "publisher_public": 7, "languages": "en", "xframe_options": 0, "is_page_type": false, "node": 5, "placeholders": [15]}}, {"model": "cms.page", "pk": 15, "fields": {"created_by": "admin", "changed_by": "admin", "creation_date": "2019-02-16T10:31:17.488Z", "changed_date": "2019-02-24T11:15:01.822Z", "publication_date": "2019-02-16T10:31:17.488Z", "publication_end_date": null, "in_navigation": true, "soft_root": false, "reverse_id": null, "navigation_extenders": null, "template": "INHERIT", "login_required": false, "limit_visibility_in_menu": null, "is_home": false, "application_urls": null, "application_namespace": null, "publisher_is_draft": false, "publisher_public": 6, "languages": "en", "xframe_options": 0, "is_page_type": false, "node": 4, "placeholders": [16]}}, {"model": "cms.placeholder", "pk": 1, "fields": {"slot": "clipboard", "default_width": null}}, {"model": "cms.placeholder", "pk": 5, "fields": {"slot": "content", "default_width": null}}, {"model": "cms.placeholder", "pk": 6, "fields": {"slot": "content", "default_width": null}}, {"model": "cms.placeholder", "pk": 7, "fields": {"slot": "content", "default_width": null}}, {"model": "cms.placeholder", "pk": 8, "fields": {"slot": "content", "default_width": null}}, {"model": "cms.placeholder", "pk": 9, "fields": {"slot": "content", "default_width": null}}, {"model": "cms.placeholder", "pk": 10, "fields": {"slot": "content", "default_width": null}}, {"model": "cms.placeholder", "pk": 11, "fields": {"slot": "content", "default_width": null}}, {"model": "cms.placeholder", "pk": 12, "fields": {"slot": "content", "default_width": null}}, {"model": "cms.placeholder", "pk": 13, "fields": {"slot": "content", "default_width": null}}, {"model": "cms.placeholder", "pk": 14, "fields": {"slot": "content", "default_width": null}}, {"model": "cms.placeholder", "pk": 15, "fields": {"slot": "content", "default_width": null}}, {"model": "cms.placeholder", "pk": 16, "fields": {"slot": "content", "default_width": null}}, {"model": "cms.cmsplugin", "pk": 16, "fields": {"path": "0003", "depth": 1, "numchild": 4, "placeholder": 5, "parent": null, "position": 0, "language": "en", "plugin_type": "ResumeSectionPlugin", "creation_date": "2019-02-16T14:36:35.891Z", "changed_date": "2019-02-16T15:02:29.534Z"}}, {"model": "cms.cmsplugin", "pk": 17, "fields": {"path": "00030001", "depth": 2, "numchild": 0, "placeholder": 5, "parent": 16, "position": 0, "language": "en", "plugin_type": "TextPlugin", "creation_date": "2019-02-16T14:36:51.544Z", "changed_date": "2019-02-16T14:45:15.071Z"}}, {"model": "cms.cmsplugin", "pk": 21, "fields": {"path": "00030003", "depth": 2, "numchild": 4, "placeholder": 5, "parent": 16, "position": 3, "language": "en", "plugin_type": "SocialPlugin", "creation_date": "2019-02-16T14:53:58.715Z", "changed_date": "2019-02-16T15:02:29.586Z"}}, {"model": "cms.cmsplugin", "pk": 22, "fields": {"path": "000300030001", "depth": 3, "numchild": 0, "placeholder": 5, "parent": 21, "position": 0, "language": "en", "plugin_type": "SocialIconPlugin", "creation_date": "2019-02-16T14:54:32.195Z", "changed_date": "2019-02-16T14:54:32.262Z"}}, {"model": "cms.cmsplugin", "pk": 23, "fields": {"path": "000300030002", "depth": 3, "numchild": 0, "placeholder": 5, "parent": 21, "position": 1, "language": "en", "plugin_type": "SocialIconPlugin", "creation_date": "2019-02-16T14:55:02.659Z", "changed_date": "2019-02-16T14:55:02.664Z"}}, {"model": "cms.cmsplugin", "pk": 24, "fields": {"path": "000300030003", "depth": 3, "numchild": 0, "placeholder": 5, "parent": 21, "position": 2, "language": "en", "plugin_type": "SocialIconPlugin", "creation_date": "2019-02-16T14:55:38.736Z", "changed_date": "2019-02-16T14:55:38.741Z"}}, {"model": "cms.cmsplugin", "pk": 25, "fields": {"path": "000300030004", "depth": 3, "numchild": 0, "placeholder": 5, "parent": 21, "position": 3, "language": "en", "plugin_type": "SocialIconPlugin", "creation_date": "2019-02-16T14:56:11.622Z", "changed_date": "2019-02-16T14:56:11.627Z"}}, {"model": "cms.cmsplugin", "pk": 26, "fields": {"path": "00030004", "depth": 2, "numchild": 0, "placeholder": 5, "parent": 16, "position": 2, "language": "en", "plugin_type": "TextPlugin", "creation_date": "2019-02-16T14:56:26.434Z", "changed_date": "2019-02-24T11:06:44.052Z"}}, {"model": "cms.cmsplugin", "pk": 36, "fields": {"path": "00030005", "depth": 2, "numchild": 0, "placeholder": 5, "parent": 16, "position": 1, "language": "en", "plugin_type": "ResumeMainInfoPlugin", "creation_date": "2019-02-16T15:04:58.739Z", "changed_date": "2019-02-16T15:04:58.743Z"}}, {"model": "cms.cmsplugin", "pk": 46, "fields": {"path": "00060001", "depth": 2, "numchild": 0, "placeholder": 7, "parent": 47, "position": 0, "language": "en", "plugin_type": "ResumeItemPlugin", "creation_date": "2019-02-16T15:07:43.748Z", "changed_date": "2019-02-24T11:12:21.938Z"}}, {"model": "cms.cmsplugin", "pk": 47, "fields": {"path": "0006", "depth": 1, "numchild": 3, "placeholder": 7, "parent": null, "position": 1, "language": "en", "plugin_type": "ResumeSectionPlugin", "creation_date": "2019-02-16T15:08:12.360Z", "changed_date": "2019-02-16T15:08:12.363Z"}}, {"model": "cms.cmsplugin", "pk": 48, "fields": {"path": "00060002", "depth": 2, "numchild": 0, "placeholder": 7, "parent": 47, "position": 1, "language": "en", "plugin_type": "ResumeItemPlugin", "creation_date": "2019-02-16T15:10:03.550Z", "changed_date": "2019-02-24T11:13:15.921Z"}}, {"model": "cms.cmsplugin", "pk": 49, "fields": {"path": "00060003", "depth": 2, "numchild": 0, "placeholder": 7, "parent": 47, "position": 2, "language": "en", "plugin_type": "ResumeItemPlugin", "creation_date": "2019-02-16T15:11:34.964Z", "changed_date": "2019-02-24T11:14:49.609Z"}}, {"model": "cms.cmsplugin", "pk": 54, "fields": {"path": "0008", "depth": 1, "numchild": 2, "placeholder": 8, "parent": null, "position": 0, "language": "en", "plugin_type": "ResumeSectionPlugin", "creation_date": "2019-02-16T15:13:21.162Z", "changed_date": "2019-02-16T15:13:21.166Z"}}, {"model": "cms.cmsplugin", "pk": 55, "fields": {"path": "00080001", "depth": 2, "numchild": 0, "placeholder": 8, "parent": 54, "position": 0, "language": "en", "plugin_type": "ResumeItemPlugin", "creation_date": "2019-02-16T15:15:01.921Z", "changed_date": "2019-02-16T15:15:01.924Z"}}, {"model": "cms.cmsplugin", "pk": 58, "fields": {"path": "00080002", "depth": 2, "numchild": 0, "placeholder": 8, "parent": 54, "position": 1, "language": "en", "plugin_type": "ResumeItemPlugin", "creation_date": "2019-02-16T15:18:44.021Z", "changed_date": "2019-02-24T11:36:59.334Z"}}, {"model": "cms.cmsplugin", "pk": 62, "fields": {"path": "000A", "depth": 1, "numchild": 5, "placeholder": 9, "parent": null, "position": 0, "language": "en", "plugin_type": "ResumeSectionPlugin", "creation_date": "2019-02-16T15:38:06.482Z", "changed_date": "2019-02-16T15:38:06.486Z"}}, {"model": "cms.cmsplugin", "pk": 63, "fields": {"path": "000A0001", "depth": 2, "numchild": 0, "placeholder": 9, "parent": 62, "position": 0, "language": "en", "plugin_type": "TextPlugin", "creation_date": "2019-02-16T15:38:22.008Z", "changed_date": "2019-02-16T15:38:40.178Z"}}, {"model": "cms.cmsplugin", "pk": 64, "fields": {"path": "000A0002", "depth": 2, "numchild": 0, "placeholder": 9, "parent": 62, "position": 1, "language": "en", "plugin_type": "ResumeSubheadingPlugin", "creation_date": "2019-02-16T15:39:07.220Z", "changed_date": "2019-02-16T15:39:07.224Z"}}, {"model": "cms.cmsplugin", "pk": 65, "fields": {"path": "000A0003", "depth": 2, "numchild": 9, "placeholder": 9, "parent": 62, "position": 2, "language": "en", "plugin_type": "DevPlugin", "creation_date": "2019-02-16T15:39:52.555Z", "changed_date": "2019-02-16T15:39:52.559Z"}}, {"model": "cms.cmsplugin", "pk": 66, "fields": {"path": "000A00030001", "depth": 3, "numchild": 0, "placeholder": 9, "parent": 65, "position": 0, "language": "en", "plugin_type": "DevIconPlugin", "creation_date": "2019-02-16T15:40:11.901Z", "changed_date": "2019-02-16T15:40:11.905Z"}}, {"model": "cms.cmsplugin", "pk": 67, "fields": {"path": "000A00030002", "depth": 3, "numchild": 0, "placeholder": 9, "parent": 65, "position": 1, "language": "en", "plugin_type": "DevIconPlugin", "creation_date": "2019-02-16T15:40:29.772Z", "changed_date": "2019-02-16T15:45:29.187Z"}}, {"model": "cms.cmsplugin", "pk": 68, "fields": {"path": "000A00030003", "depth": 3, "numchild": 0, "placeholder": 9, "parent": 65, "position": 2, "language": "en", "plugin_type": "DevIconPlugin", "creation_date": "2019-02-16T15:40:50.429Z", "changed_date": "2019-02-16T15:40:50.433Z"}}, {"model": "cms.cmsplugin", "pk": 69, "fields": {"path": "000A00030004", "depth": 3, "numchild": 0, "placeholder": 9, "parent": 65, "position": 3, "language": "en", "plugin_type": "DevIconPlugin", "creation_date": "2019-02-16T15:41:29.083Z", "changed_date": "2019-02-16T15:41:29.087Z"}}, {"model": "cms.cmsplugin", "pk": 70, "fields": {"path": "000A00030005", "depth": 3, "numchild": 0, "placeholder": 9, "parent": 65, "position": 4, "language": "en", "plugin_type": "DevIconPlugin", "creation_date": "2019-02-16T15:42:17.264Z", "changed_date": "2019-02-16T15:42:17.274Z"}}, {"model": "cms.cmsplugin", "pk": 71, "fields": {"path": "000A00030006", "depth": 3, "numchild": 0, "placeholder": 9, "parent": 65, "position": 5, "language": "en", "plugin_type": "DevIconPlugin", "creation_date": "2019-02-16T15:42:41.159Z", "changed_date": "2019-02-16T15:42:41.163Z"}}, {"model": "cms.cmsplugin", "pk": 72, "fields": {"path": "000A00030007", "depth": 3, "numchild": 0, "placeholder": 9, "parent": 65, "position": 6, "language": "en", "plugin_type": "DevIconPlugin", "creation_date": "2019-02-16T15:43:09.888Z", "changed_date": "2019-02-16T15:43:47.718Z"}}, {"model": "cms.cmsplugin", "pk": 73, "fields": {"path": "000A00030008", "depth": 3, "numchild": 0, "placeholder": 9, "parent": 65, "position": 7, "language": "en", "plugin_type": "DevIconPlugin", "creation_date": "2019-02-16T15:43:40.528Z", "changed_date": "2019-02-16T15:43:40.533Z"}}, {"model": "cms.cmsplugin", "pk": 74, "fields": {"path": "000A00030009", "depth": 3, "numchild": 0, "placeholder": 9, "parent": 65, "position": 8, "language": "en", "plugin_type": "DevIconPlugin", "creation_date": "2019-02-16T15:46:04.803Z", "changed_date": "2019-02-16T15:46:04.808Z"}}, {"model": "cms.cmsplugin", "pk": 75, "fields": {"path": "000A0004", "depth": 2, "numchild": 0, "placeholder": 9, "parent": 62, "position": 3, "language": "en", "plugin_type": "ResumeSubheadingPlugin", "creation_date": "2019-02-16T15:46:57.880Z", "changed_date": "2019-02-16T15:46:57.884Z"}}, {"model": "cms.cmsplugin", "pk": 76, "fields": {"path": "000A0005", "depth": 2, "numchild": 0, "placeholder": 9, "parent": 62, "position": 4, "language": "en", "plugin_type": "TextPlugin", "creation_date": "2019-02-16T15:47:17.803Z", "changed_date": "2019-02-24T11:43:39.958Z"}}, {"model": "cms.cmsplugin", "pk": 92, "fields": {"path": "000C", "depth": 1, "numchild": 2, "placeholder": 10, "parent": null, "position": 0, "language": "en", "plugin_type": "ResumeSectionPlugin", "creation_date": "2019-02-16T15:52:00.382Z", "changed_date": "2019-02-16T15:52:00.387Z"}}, {"model": "cms.cmsplugin", "pk": 93, "fields": {"path": "000C0001", "depth": 2, "numchild": 0, "placeholder": 10, "parent": 92, "position": 0, "language": "en", "plugin_type": "TextPlugin", "creation_date": "2019-02-16T15:52:06.665Z", "changed_date": "2019-02-16T15:52:25.297Z"}}, {"model": "cms.cmsplugin", "pk": 94, "fields": {"path": "000C0002", "depth": 2, "numchild": 0, "placeholder": 10, "parent": 92, "position": 1, "language": "en", "plugin_type": "TextPlugin", "creation_date": "2019-02-16T15:52:38.109Z", "changed_date": "2019-02-16T15:58:28.371Z"}}, {"model": "cms.cmsplugin", "pk": 98, "fields": {"path": "000E", "depth": 1, "numchild": 2, "placeholder": 11, "parent": null, "position": 0, "language": "en", "plugin_type": "ResumeSectionPlugin", "creation_date": "2019-02-16T15:54:41.164Z", "changed_date": "2019-02-16T15:54:41.168Z"}}, {"model": "cms.cmsplugin", "pk": 99, "fields": {"path": "000E0001", "depth": 2, "numchild": 0, "placeholder": 11, "parent": 98, "position": 0, "language": "en", "plugin_type": "TextPlugin", "creation_date": "2019-02-16T15:54:45.757Z", "changed_date": "2019-02-16T15:55:08.375Z"}}, {"model": "cms.cmsplugin", "pk": 100, "fields": {"path": "000E0002", "depth": 2, "numchild": 0, "placeholder": 11, "parent": 98, "position": 1, "language": "en", "plugin_type": "TextPlugin", "creation_date": "2019-02-16T15:55:20.782Z", "changed_date": "2019-02-16T15:57:08.099Z"}}, {"model": "cms.cmsplugin", "pk": 101, "fields": {"path": "000F", "depth": 1, "numchild": 2, "placeholder": 12, "parent": null, "position": 0, "language": "en", "plugin_type": "ResumeSectionPlugin", "creation_date": "2019-02-16T15:54:41.164Z", "changed_date": "2019-02-16T15:57:11.143Z"}}, {"model": "cms.cmsplugin", "pk": 102, "fields": {"path": "000F0001", "depth": 2, "numchild": 0, "placeholder": 12, "parent": 101, "position": 0, "language": "en", "plugin_type": "TextPlugin", "creation_date": "2019-02-16T15:54:45.757Z", "changed_date": "2019-02-16T15:57:11.194Z"}}, {"model": "cms.cmsplugin", "pk": 103, "fields": {"path": "000F0002", "depth": 2, "numchild": 0, "placeholder": 12, "parent": 101, "position": 1, "language": "en", "plugin_type": "TextPlugin", "creation_date": "2019-02-16T15:55:20.782Z", "changed_date": "2019-02-16T15:57:11.199Z"}}, {"model": "cms.cmsplugin", "pk": 104, "fields": {"path": "000G", "depth": 1, "numchild": 2, "placeholder": 13, "parent": null, "position": 0, "language": "en", "plugin_type": "ResumeSectionPlugin", "creation_date": "2019-02-16T15:52:00.382Z", "changed_date": "2019-02-16T15:58:32.916Z"}}, {"model": "cms.cmsplugin", "pk": 105, "fields": {"path": "000G0001", "depth": 2, "numchild": 0, "placeholder": 13, "parent": 104, "position": 0, "language": "en", "plugin_type": "TextPlugin", "creation_date": "2019-02-16T15:52:06.665Z", "changed_date": "2019-02-16T15:58:32.931Z"}}, {"model": "cms.cmsplugin", "pk": 106, "fields": {"path": "000G0002", "depth": 2, "numchild": 0, "placeholder": 13, "parent": 104, "position": 1, "language": "en", "plugin_type": "TextPlugin", "creation_date": "2019-02-16T15:52:38.109Z", "changed_date": "2019-02-16T15:58:32.937Z"}}, {"model": "cms.cmsplugin", "pk": 107, "fields": {"path": "000H", "depth": 1, "numchild": 4, "placeholder": 6, "parent": null, "position": 0, "language": "en", "plugin_type": "ResumeSectionPlugin", "creation_date": "2019-02-16T14:36:35.891Z", "changed_date": "2019-02-24T11:06:50.155Z"}}, {"model": "cms.cmsplugin", "pk": 108, "fields": {"path": "000H0001", "depth": 2, "numchild": 0, "placeholder": 6, "parent": 107, "position": 0, "language": "en", "plugin_type": "TextPlugin", "creation_date": "2019-02-16T14:36:51.544Z", "changed_date": "2019-02-24T11:06:50.212Z"}}, {"model": "cms.cmsplugin", "pk": 109, "fields": {"path": "000H0002", "depth": 2, "numchild": 4, "placeholder": 6, "parent": 107, "position": 3, "language": "en", "plugin_type": "SocialPlugin", "creation_date": "2019-02-16T14:53:58.715Z", "changed_date": "2019-02-24T11:06:50.172Z"}}, {"model": "cms.cmsplugin", "pk": 110, "fields": {"path": "000H00020001", "depth": 3, "numchild": 0, "placeholder": 6, "parent": 109, "position": 0, "language": "en", "plugin_type": "SocialIconPlugin", "creation_date": "2019-02-16T14:54:32.195Z", "changed_date": "2019-02-24T11:06:50.176Z"}}, {"model": "cms.cmsplugin", "pk": 111, "fields": {"path": "000H00020002", "depth": 3, "numchild": 0, "placeholder": 6, "parent": 109, "position": 1, "language": "en", "plugin_type": "SocialIconPlugin", "creation_date": "2019-02-16T14:55:02.659Z", "changed_date": "2019-02-24T11:06:50.182Z"}}, {"model": "cms.cmsplugin", "pk": 112, "fields": {"path": "000H00020003", "depth": 3, "numchild": 0, "placeholder": 6, "parent": 109, "position": 2, "language": "en", "plugin_type": "SocialIconPlugin", "creation_date": "2019-02-16T14:55:38.736Z", "changed_date": "2019-02-24T11:06:50.187Z"}}, {"model": "cms.cmsplugin", "pk": 113, "fields": {"path": "000H00020004", "depth": 3, "numchild": 0, "placeholder": 6, "parent": 109, "position": 3, "language": "en", "plugin_type": "SocialIconPlugin", "creation_date": "2019-02-16T14:56:11.622Z", "changed_date": "2019-02-24T11:06:50.192Z"}}, {"model": "cms.cmsplugin", "pk": 114, "fields": {"path": "000H0003", "depth": 2, "numchild": 0, "placeholder": 6, "parent": 107, "position": 2, "language": "en", "plugin_type": "TextPlugin", "creation_date": "2019-02-16T14:56:26.434Z", "changed_date": "2019-02-24T11:06:50.222Z"}}, {"model": "cms.cmsplugin", "pk": 115, "fields": {"path": "000H0004", "depth": 2, "numchild": 0, "placeholder": 6, "parent": 107, "position": 1, "language": "en", "plugin_type": "ResumeMainInfoPlugin", "creation_date": "2019-02-16T15:04:58.739Z", "changed_date": "2019-02-24T11:06:50.205Z"}}, {"model": "cms.cmsplugin", "pk": 116, "fields": {"path": "000I", "depth": 1, "numchild": 3, "placeholder": 16, "parent": null, "position": 1, "language": "en", "plugin_type": "ResumeSectionPlugin", "creation_date": "2019-02-16T15:08:12.360Z", "changed_date": "2019-02-24T11:15:01.905Z"}}, {"model": "cms.cmsplugin", "pk": 117, "fields": {"path": "000I0001", "depth": 2, "numchild": 0, "placeholder": 16, "parent": 116, "position": 0, "language": "en", "plugin_type": "ResumeItemPlugin", "creation_date": "2019-02-16T15:07:43.748Z", "changed_date": "2019-02-24T11:15:01.908Z"}}, {"model": "cms.cmsplugin", "pk": 118, "fields": {"path": "000I0002", "depth": 2, "numchild": 0, "placeholder": 16, "parent": 116, "position": 1, "language": "en", "plugin_type": "ResumeItemPlugin", "creation_date": "2019-02-16T15:10:03.550Z", "changed_date": "2019-02-24T11:15:01.913Z"}}, {"model": "cms.cmsplugin", "pk": 119, "fields": {"path": "000I0003", "depth": 2, "numchild": 0, "placeholder": 16, "parent": 116, "position": 2, "language": "en", "plugin_type": "ResumeItemPlugin", "creation_date": "2019-02-16T15:11:34.964Z", "changed_date": "2019-02-24T11:15:01.919Z"}}, {"model": "cms.cmsplugin", "pk": 120, "fields": {"path": "000J", "depth": 1, "numchild": 2, "placeholder": 15, "parent": null, "position": 0, "language": "en", "plugin_type": "ResumeSectionPlugin", "creation_date": "2019-02-16T15:13:21.162Z", "changed_date": "2019-02-24T11:37:03.443Z"}}, {"model": "cms.cmsplugin", "pk": 121, "fields": {"path": "000J0001", "depth": 2, "numchild": 0, "placeholder": 15, "parent": 120, "position": 0, "language": "en", "plugin_type": "ResumeItemPlugin", "creation_date": "2019-02-16T15:15:01.921Z", "changed_date": "2019-02-24T11:37:03.446Z"}}, {"model": "cms.cmsplugin", "pk": 122, "fields": {"path": "000J0002", "depth": 2, "numchild": 0, "placeholder": 15, "parent": 120, "position": 1, "language": "en", "plugin_type": "ResumeItemPlugin", "creation_date": "2019-02-16T15:18:44.021Z", "changed_date": "2019-02-24T11:37:03.449Z"}}, {"model": "cms.cmsplugin", "pk": 138, "fields": {"path": "000K", "depth": 1, "numchild": 5, "placeholder": 14, "parent": null, "position": 0, "language": "en", "plugin_type": "ResumeSectionPlugin", "creation_date": "2019-02-16T15:38:06.482Z", "changed_date": "2019-02-24T11:43:42.605Z"}}, {"model": "cms.cmsplugin", "pk": 139, "fields": {"path": "000K0001", "depth": 2, "numchild": 0, "placeholder": 14, "parent": 138, "position": 0, "language": "en", "plugin_type": "TextPlugin", "creation_date": "2019-02-16T15:38:22.008Z", "changed_date": "2019-02-24T11:43:42.685Z"}}, {"model": "cms.cmsplugin", "pk": 140, "fields": {"path": "000K0002", "depth": 2, "numchild": 0, "placeholder": 14, "parent": 138, "position": 1, "language": "en", "plugin_type": "ResumeSubheadingPlugin", "creation_date": "2019-02-16T15:39:07.220Z", "changed_date": "2019-02-24T11:43:42.614Z"}}, {"model": "cms.cmsplugin", "pk": 141, "fields": {"path": "000K0003", "depth": 2, "numchild": 9, "placeholder": 14, "parent": 138, "position": 2, "language": "en", "plugin_type": "DevPlugin", "creation_date": "2019-02-16T15:39:52.555Z", "changed_date": "2019-02-24T11:43:42.629Z"}}, {"model": "cms.cmsplugin", "pk": 142, "fields": {"path": "000K00030001", "depth": 3, "numchild": 0, "placeholder": 14, "parent": 141, "position": 0, "language": "en", "plugin_type": "DevIconPlugin", "creation_date": "2019-02-16T15:40:11.901Z", "changed_date": "2019-02-24T11:43:42.636Z"}}, {"model": "cms.cmsplugin", "pk": 143, "fields": {"path": "000K00030002", "depth": 3, "numchild": 0, "placeholder": 14, "parent": 141, "position": 1, "language": "en", "plugin_type": "DevIconPlugin", "creation_date": "2019-02-16T15:40:29.772Z", "changed_date": "2019-02-24T11:43:42.652Z"}}, {"model": "cms.cmsplugin", "pk": 144, "fields": {"path": "000K00030003", "depth": 3, "numchild": 0, "placeholder": 14, "parent": 141, "position": 2, "language": "en", "plugin_type": "DevIconPlugin", "creation_date": "2019-02-16T15:40:50.429Z", "changed_date": "2019-02-24T11:43:42.655Z"}}, {"model": "cms.cmsplugin", "pk": 145, "fields": {"path": "000K00030004", "depth": 3, "numchild": 0, "placeholder": 14, "parent": 141, "position": 3, "language": "en", "plugin_type": "DevIconPlugin", "creation_date": "2019-02-16T15:41:29.083Z", "changed_date": "2019-02-24T11:43:42.658Z"}}, {"model": "cms.cmsplugin", "pk": 146, "fields": {"path": "000K00030005", "depth": 3, "numchild": 0, "placeholder": 14, "parent": 141, "position": 4, "language": "en", "plugin_type": "DevIconPlugin", "creation_date": "2019-02-16T15:42:17.264Z", "changed_date": "2019-02-24T11:43:42.661Z"}}, {"model": "cms.cmsplugin", "pk": 147, "fields": {"path": "000K00030006", "depth": 3, "numchild": 0, "placeholder": 14, "parent": 141, "position": 5, "language": "en", "plugin_type": "DevIconPlugin", "creation_date": "2019-02-16T15:42:41.159Z", "changed_date": "2019-02-24T11:43:42.664Z"}}, {"model": "cms.cmsplugin", "pk": 148, "fields": {"path": "000K00030007", "depth": 3, "numchild": 0, "placeholder": 14, "parent": 141, "position": 6, "language": "en", "plugin_type": "DevIconPlugin", "creation_date": "2019-02-16T15:43:09.888Z", "changed_date": "2019-02-24T11:43:42.666Z"}}, {"model": "cms.cmsplugin", "pk": 149, "fields": {"path": "000K00030008", "depth": 3, "numchild": 0, "placeholder": 14, "parent": 141, "position": 7, "language": "en", "plugin_type": "DevIconPlugin", "creation_date": "2019-02-16T15:43:40.528Z", "changed_date": "2019-02-24T11:43:42.669Z"}}, {"model": "cms.cmsplugin", "pk": 150, "fields": {"path": "000K00030009", "depth": 3, "numchild": 0, "placeholder": 14, "parent": 141, "position": 8, "language": "en", "plugin_type": "DevIconPlugin", "creation_date": "2019-02-16T15:46:04.803Z", "changed_date": "2019-02-24T11:43:42.671Z"}}, {"model": "cms.cmsplugin", "pk": 151, "fields": {"path": "000K0004", "depth": 2, "numchild": 0, "placeholder": 14, "parent": 138, "position": 3, "language": "en", "plugin_type": "ResumeSubheadingPlugin", "creation_date": "2019-02-16T15:46:57.880Z", "changed_date": "2019-02-24T11:43:42.674Z"}}, {"model": "cms.cmsplugin", "pk": 152, "fields": {"path": "000K0005", "depth": 2, "numchild": 0, "placeholder": 14, "parent": 138, "position": 4, "language": "en", "plugin_type": "TextPlugin", "creation_date": "2019-02-16T15:47:17.803Z", "changed_date": "2019-02-24T11:43:42.691Z"}}, {"model": "cms.title", "pk": 4, "fields": {"language": "en", "title": "About", "page_title": "", "menu_title": "", "meta_description": "", "slug": "about", "path": "", "has_url_overwrite": false, "redirect": null, "page": 4, "creation_date": "2019-02-16T10:29:42.321Z", "published": true, "publisher_is_draft": true, "publisher_public": 5, "publisher_state": 0}}, {"model": "cms.title", "pk": 5, "fields": {"language": "en", "title": "About", "page_title": "", "menu_title": "", "meta_description": "", "slug": "about", "path": "", "has_url_overwrite": false, "redirect": null, "page": 5, "creation_date": "2019-02-16T10:29:42.321Z", "published": true, "publisher_is_draft": false, "publisher_public": 4, "publisher_state": 1}}, {"model": "cms.title", "pk": 6, "fields": {"language": "en", "title": "Experience", "page_title": "", "menu_title": "", "meta_description": "", "slug": "experience", "path": "experience", "has_url_overwrite": false, "redirect": null, "page": 6, "creation_date": "2019-02-16T10:29:58.227Z", "published": true, "publisher_is_draft": true, "publisher_public": 15, "publisher_state": 0}}, {"model": "cms.title", "pk": 7, "fields": {"language": "en", "title": "Education", "page_title": "", "menu_title": "", "meta_description": "", "slug": "education", "path": "education", "has_url_overwrite": false, "redirect": null, "page": 7, "creation_date": "2019-02-16T10:30:07.494Z", "published": true, "publisher_is_draft": true, "publisher_public": 14, "publisher_state": 0}}, {"model": "cms.title", "pk": 8, "fields": {"language": "en", "title": "Skills", "page_title": "", "menu_title": "", "meta_description": "", "slug": "skills", "path": "skills", "has_url_overwrite": false, "redirect": null, "page": 8, "creation_date": "2019-02-16T10:30:15.774Z", "published": true, "publisher_is_draft": true, "publisher_public": 13, "publisher_state": 0}}, {"model": "cms.title", "pk": 9, "fields": {"language": "en", "title": "Interests", "page_title": "", "menu_title": "", "meta_description": "", "slug": "interests", "path": "interests", "has_url_overwrite": false, "redirect": null, "page": 9, "creation_date": "2019-02-16T10:30:21.742Z", "published": true, "publisher_is_draft": true, "publisher_public": 12, "publisher_state": 0}}, {"model": "cms.title", "pk": 10, "fields": {"language": "en", "title": "Awards", "page_title": "", "menu_title": "", "meta_description": "", "slug": "awards", "path": "awards", "has_url_overwrite": false, "redirect": null, "page": 10, "creation_date": "2019-02-16T10:30:30.655Z", "published": true, "publisher_is_draft": true, "publisher_public": 11, "publisher_state": 0}}, {"model": "cms.title", "pk": 11, "fields": {"language": "en", "title": "Awards", "page_title": "", "menu_title": "", "meta_description": "", "slug": "awards", "path": "awards", "has_url_overwrite": false, "redirect": null, "page": 11, "creation_date": "2019-02-16T10:30:30.655Z", "published": true, "publisher_is_draft": false, "publisher_public": 10, "publisher_state": 1}}, {"model": "cms.title", "pk": 12, "fields": {"language": "en", "title": "Interests", "page_title": "", "menu_title": "", "meta_description": "", "slug": "interests", "path": "interests", "has_url_overwrite": false, "redirect": null, "page": 12, "creation_date": "2019-02-16T10:30:21.742Z", "published": true, "publisher_is_draft": false, "publisher_public": 9, "publisher_state": 1}}, {"model": "cms.title", "pk": 13, "fields": {"language": "en", "title": "Skills", "page_title": "", "menu_title": "", "meta_description": "", "slug": "skills", "path": "skills", "has_url_overwrite": false, "redirect": null, "page": 13, "creation_date": "2019-02-16T10:30:15.774Z", "published": true, "publisher_is_draft": false, "publisher_public": 8, "publisher_state": 1}}, {"model": "cms.title", "pk": 14, "fields": {"language": "en", "title": "Education", "page_title": "", "menu_title": "", "meta_description": "", "slug": "education", "path": "education", "has_url_overwrite": false, "redirect": null, "page": 14, "creation_date": "2019-02-16T10:30:07.494Z", "published": true, "publisher_is_draft": false, "publisher_public": 7, "publisher_state": 1}}, {"model": "cms.title", "pk": 15, "fields": {"language": "en", "title": "Experience", "page_title": "", "menu_title": "", "meta_description": "", "slug": "experience", "path": "experience", "has_url_overwrite": false, "redirect": null, "page": 15, "creation_date": "2019-02-16T10:29:58.227Z", "published": true, "publisher_is_draft": false, "publisher_public": 6, "publisher_state": 1}}, {"model": "cms.urlconfrevision", "pk": 1, "fields": {"revision": "aee027ae-9c4d-4c72-8d3c-a84d62ef92a3"}}, {"model": "menus.cachekey", "pk": 58, "fields": {"language": "en", "site": 1, "key": "cms_3.5.3_menu_nodes_en_1_1_user:public"}}, {"model": "menus.cachekey", "pk": 59, "fields": {"language": "en", "site": 1, "key": "cms_3.5.3_menu_nodes_en_1:public"}}, {"model": "djangocms_text_ckeditor.text", "pk": 17, "fields": {"body": "<h1>James\u00a0<span class=\"text-primary\">Roberts</span></h1>"}}, {"model": "djangocms_text_ckeditor.text", "pk": 26, "fields": {"body": "<p class=\"lead mb-5\">I have recently graduated from the Department of Computer Science at the University of Sheffield with First Class Honours in Software Development for Business. I enjoy working as part of agile teams on full stack solutions for clients. I have commercial experience in a number of languages and frameworks including Django; the Python framework upon which this website is based.</p>"}}, {"model": "djangocms_text_ckeditor.text", "pk": 63, "fields": {"body": "<h2 class=\"mb-5\">Skills</h2>"}}, {"model": "djangocms_text_ckeditor.text", "pk": 76, "fields": {"body": "<ul class=\"fa-ul mb-0\">\n\t<li><i class=\"fa-li fa fa-check\"></i>Agile Development &amp; Scrum</li>\n\t<li><i class=\"fa-li fa fa-check\"></i>Continuous Integration</li>\n\t<li><i class=\"fa-li fa fa-check\"></i>Micro-service designs and containerization with Docker</li>\n\t<li><i class=\"fa-li fa fa-check\"></i>Cross Functional Teams</li>\n\t<li><i class=\"fa-li fa fa-check\"></i>Cross Browser Testing &amp; Debugging</li>\n\t<li><i class=\"fa-li fa fa-check\"></i>Mobile-First, Responsive Design</li>\n</ul>"}}, {"model": "djangocms_text_ckeditor.text", "pk": 93, "fields": {"body": "<h2 class=\"mb-5\">Interests</h2>"}}, {"model": "djangocms_text_ckeditor.text", "pk": 94, "fields": {"body": "<ul>\n\t<li>Away from work and education I am a keen footballer and used to be part of the Computer Science team.</li>\n\t<li>In the summer i can usually be found attempting to get around a golf course in less than 100 strokes.\u00a0</li>\n\t<li>I also volunteer as a\u00a0leader at Scouts and have been fortunate enough to take part in activities such as white water rafting and abseiling.</li>\n</ul>"}}, {"model": "djangocms_text_ckeditor.text", "pk": 99, "fields": {"body": "<h2 class=\"mb-5\">Awards &amp; Certifications</h2>"}}, {"model": "djangocms_text_ckeditor.text", "pk": 100, "fields": {"body": "<ul class=\"fa-ul mb-0\">\n          <li>\n            <i class=\"fa-li fa fa-trophy text-warning\"></i>\n            Academic Achievement Scholarship - University of Sheffield</li>\n          <li>\n            <i class=\"fa-li fa fa-trophy text-warning\"></i>\n            Outstanding Refereeing Achievement - FA </li>\n        </ul>"}}, {"model": "djangocms_text_ckeditor.text", "pk": 102, "fields": {"body": "<h2 class=\"mb-5\">Awards &amp; Certifications</h2>"}}, {"model": "djangocms_text_ckeditor.text", "pk": 103, "fields": {"body": "<ul class=\"fa-ul mb-0\">\n          <li>\n            <i class=\"fa-li fa fa-trophy text-warning\"></i>\n            Academic Achievement Scholarship - University of Sheffield</li>\n          <li>\n            <i class=\"fa-li fa fa-trophy text-warning\"></i>\n            Outstanding Refereeing Achievement - FA </li>\n        </ul>"}}, {"model": "djangocms_text_ckeditor.text", "pk": 105, "fields": {"body": "<h2 class=\"mb-5\">Interests</h2>"}}, {"model": "djangocms_text_ckeditor.text", "pk": 106, "fields": {"body": "<ul>\n\t<li>Away from work and education I am a keen footballer and used to be part of the Computer Science team.</li>\n\t<li>In the summer i can usually be found attempting to get around a golf course in less than 100 strokes.\u00a0</li>\n\t<li>I also volunteer as a\u00a0leader at Scouts and have been fortunate enough to take part in activities such as white water rafting and abseiling.</li>\n</ul>"}}, {"model": "djangocms_text_ckeditor.text", "pk": 108, "fields": {"body": "<h1>James\u00a0<span class=\"text-primary\">Roberts</span></h1>"}}, {"model": "djangocms_text_ckeditor.text", "pk": 114, "fields": {"body": "<p class=\"lead mb-5\">I have recently graduated from the Department of Computer Science at the University of Sheffield with First Class Honours in Software Development for Business. I enjoy working as part of agile teams on full stack solutions for clients. I have commercial experience in a number of languages and frameworks including Django; the Python framework upon which this website is based.</p>"}}, {"model": "djangocms_text_ckeditor.text", "pk": 139, "fields": {"body": "<h2 class=\"mb-5\">Skills</h2>"}}, {"model": "djangocms_text_ckeditor.text", "pk": 152, "fields": {"body": "<ul class=\"fa-ul mb-0\">\n\t<li><i class=\"fa-li fa fa-check\"></i>Agile Development &amp; Scrum</li>\n\t<li><i class=\"fa-li fa fa-check\"></i>Continuous Integration</li>\n\t<li><i class=\"fa-li fa fa-check\"></i>Micro-service designs and containerization with Docker</li>\n\t<li><i class=\"fa-li fa fa-check\"></i>Cross Functional Teams</li>\n\t<li><i class=\"fa-li fa fa-check\"></i>Cross Browser Testing &amp; Debugging</li>\n\t<li><i class=\"fa-li fa fa-check\"></i>Mobile-First, Responsive Design</li>\n</ul>"}}, {"model": "social_icons.social", "pk": 21, "fields": {"label": "socials"}}, {"model": "social_icons.social", "pk": 109, "fields": {"label": "socials"}}, {"model": "social_icons.icon", "pk": 1, "fields": {"name": "fa-twitter"}}, {"model": "social_icons.icon", "pk": 2, "fields": {"name": "fa-linkedin-in"}}, {"model": "social_icons.icon", "pk": 3, "fields": {"name": "fa-github"}}, {"model": "social_icons.icon", "pk": 4, "fields": {"name": "https://www.facebook.com/james.roberts.50767"}}, {"model": "social_icons.icon", "pk": 5, "fields": {"name": "fa-facebook-f"}}, {"model": "social_icons.socialicon", "pk": 22, "fields": {"icon": 1, "url_link": "https://twitter.com/JamzDe3rd", "link_title": "Twitter"}}, {"model": "social_icons.socialicon", "pk": 23, "fields": {"icon": 2, "url_link": "https://www.linkedin.com/in/jroberts-7/", "link_title": "LinkedIn"}}, {"model": "social_icons.socialicon", "pk": 24, "fields": {"icon": 5, "url_link": "https://www.facebook.com/james.roberts.50767", "link_title": "Facebook"}}, {"model": "social_icons.socialicon", "pk": 25, "fields": {"icon": 3, "url_link": "https://github.com/jroberts07", "link_title": "GitHub"}}, {"model": "social_icons.socialicon", "pk": 110, "fields": {"icon": 1, "url_link": "https://twitter.com/JamzDe3rd", "link_title": "Twitter"}}, {"model": "social_icons.socialicon", "pk": 111, "fields": {"icon": 2, "url_link": "https://www.linkedin.com/in/jroberts-7/", "link_title": "LinkedIn"}}, {"model": "social_icons.socialicon", "pk": 112, "fields": {"icon": 5, "url_link": "https://www.facebook.com/james.roberts.50767", "link_title": "Facebook"}}, {"model": "social_icons.socialicon", "pk": 113, "fields": {"icon": 3, "url_link": "https://github.com/jroberts07", "link_title": "GitHub"}}, {"model": "resume_item.resumeitem", "pk": 46, "fields": {"label": "tesco_mobile", "header": "Software Developer", "sub_header": "Tesco Mobile", "information": "Work as a software developer as part of the DevOps team using agile methodologies. Responsibilities include designing and developing new features, building new micro-services and maintaining existing infrastructure. Tools used include Python, PHP, Docker, JavaScript, Java, Go and more", "date": "September 2019 - Present"}}, {"model": "resume_item.resumeitem", "pk": 48, "fields": {"label": "uni", "header": "Programming Demonstrator", "sub_header": "University of Sheffield", "information": "Work alongside lecturers in first year lab classes to demonstrate 'Ruby programming and Git'. The role included helping students with questions they have as they complete lab sheets set by the lecturer and ensuring they do not communicate in formal assessments.", "date": "September 2017 - June 2018"}}, {"model": "resume_item.resumeitem", "pk": 49, "fields": {"label": "hp", "header": "Software Development Intern", "sub_header": "Hewlett Packard Enterprise", "information": "Working with another intern I produced a reporting tool for the Accelerated life testing team. We liaised with the customer to gather requirements, designed the solution and implemented it using web technologies including PHP, HTML and JavaScript. Then created automated unit and feature tests before releasing the system to a Linux production server. I attended sync-up meetings, using Skype, with other members of the team, some of whom were based in India and the US.", "date": "June 2017 - September 2017"}}, {"model": "resume_item.resumeitem", "pk": 55, "fields": {"label": "uni", "header": "University of Sheffield", "sub_header": "Bachelor of Engineering", "information": "I have recently graduated from the Department of Computer Science at the University of Sheffield with First Class Honours in Software Development for Business. I was accepted into the university on an academic achievement scholarship.", "date": "September 2015 - June 2018"}}, {"model": "resume_item.resumeitem", "pk": 58, "fields": {"label": "highdown", "header": "Highdown School & Sixth Form Centre", "sub_header": "GCSE & A-Levels", "information": "I completed my GCSE's and A-levels here. I was also Head Boy for a year which involved providing a voice for the students in meetings with senior leadership and also public speaking.  A levels: Computing(A), Maths(A), Geography(A), Physics AS(B). 11 GCSEs(A*-B) including Maths(A*), Computing(A*)", "date": "Septemer 2012 - June 2014"}}, {"model": "resume_item.resumeitem", "pk": 117, "fields": {"label": "tesco_mobile", "header": "Software Developer", "sub_header": "Tesco Mobile", "information": "Work as a software developer as part of the DevOps team using agile methodologies. Responsibilities include designing and developing new features, building new micro-services and maintaining existing infrastructure. Tools used include Python, PHP, Docker, JavaScript, Java, Go and more", "date": "September 2019 - Present"}}, {"model": "resume_item.resumeitem", "pk": 118, "fields": {"label": "uni", "header": "Programming Demonstrator", "sub_header": "University of Sheffield", "information": "Work alongside lecturers in first year lab classes to demonstrate 'Ruby programming and Git'. The role included helping students with questions they have as they complete lab sheets set by the lecturer and ensuring they do not communicate in formal assessments.", "date": "September 2017 - June 2018"}}, {"model": "resume_item.resumeitem", "pk": 119, "fields": {"label": "hp", "header": "Software Development Intern", "sub_header": "Hewlett Packard Enterprise", "information": "Working with another intern I produced a reporting tool for the Accelerated life testing team. We liaised with the customer to gather requirements, designed the solution and implemented it using web technologies including PHP, HTML and JavaScript. Then created automated unit and feature tests before releasing the system to a Linux production server. I attended sync-up meetings, using Skype, with other members of the team, some of whom were based in India and the US.", "date": "June 2017 - September 2017"}}, {"model": "resume_item.resumeitem", "pk": 121, "fields": {"label": "uni", "header": "University of Sheffield", "sub_header": "Bachelor of Engineering", "information": "I have recently graduated from the Department of Computer Science at the University of Sheffield with First Class Honours in Software Development for Business. I was accepted into the university on an academic achievement scholarship.", "date": "September 2015 - June 2018"}}, {"model": "resume_item.resumeitem", "pk": 122, "fields": {"label": "highdown", "header": "Highdown School & Sixth Form Centre", "sub_header": "GCSE & A-Levels", "information": "I completed my GCSE's and A-levels here. I was also Head Boy for a year which involved providing a voice for the students in meetings with senior leadership and also public speaking.  A levels: Computing(A), Maths(A), Geography(A), Physics AS(B). 11 GCSEs(A*-B) including Maths(A*), Computing(A*)", "date": "Septemer 2012 - June 2014"}}, {"model": "resume_section.resumesection", "pk": 16, "fields": {"label": "about", "extra_classes": "align-items-center"}}, {"model": "resume_section.resumesection", "pk": 47, "fields": {"label": "experience", "extra_classes": "justify-content-center"}}, {"model": "resume_section.resumesection", "pk": 54, "fields": {"label": "education", "extra_classes": "align-items-center"}}, {"model": "resume_section.resumesection", "pk": 62, "fields": {"label": "skills", "extra_classes": "align-items-center"}}, {"model": "resume_section.resumesection", "pk": 92, "fields": {"label": "interests", "extra_classes": "align-items-center"}}, {"model": "resume_section.resumesection", "pk": 98, "fields": {"label": "awards", "extra_classes": "align-items-center"}}, {"model": "resume_section.resumesection", "pk": 101, "fields": {"label": "awards", "extra_classes": "align-items-center"}}, {"model": "resume_section.resumesection", "pk": 104, "fields": {"label": "interests", "extra_classes": "align-items-center"}}, {"model": "resume_section.resumesection", "pk": 107, "fields": {"label": "about", "extra_classes": "align-items-center"}}, {"model": "resume_section.resumesection", "pk": 116, "fields": {"label": "experience", "extra_classes": "justify-content-center"}}, {"model": "resume_section.resumesection", "pk": 120, "fields": {"label": "education", "extra_classes": "align-items-center"}}, {"model": "resume_section.resumesection", "pk": 138, "fields": {"label": "skills", "extra_classes": "align-items-center"}}, {"model": "resume_main_info.resumemaininfo", "pk": 36, "fields": {"label": "info", "address": "Reading, UK", "phone": "07926174904", "email": "j.roberts07@outlook.com"}}, {"model": "resume_main_info.resumemaininfo", "pk": 115, "fields": {"label": "info", "address": "Reading, UK", "phone": "07926174904", "email": "j.roberts07@outlook.com"}}, {"model": "resume_subheading.resumesubheading", "pk": 64, "fields": {"label": "title", "heading": "Programming Languages & Tools"}}, {"model": "resume_subheading.resumesubheading", "pk": 75, "fields": {"label": "workflow", "heading": "Workflow"}}, {"model": "resume_subheading.resumesubheading", "pk": 140, "fields": {"label": "title", "heading": "Programming Languages & Tools"}}, {"model": "resume_subheading.resumesubheading", "pk": 151, "fields": {"label": "workflow", "heading": "Workflow"}}, {"model": "dev_icons.dev", "pk": 65, "fields": {"label": "dev"}}, {"model": "dev_icons.dev", "pk": 141, "fields": {"label": "dev"}}, {"model": "dev_icons.icon", "pk": 1, "fields": {"name": "fa-html5"}}, {"model": "dev_icons.icon", "pk": 2, "fields": {"name": "fa-css3-alt"}}, {"model": "dev_icons.icon", "pk": 3, "fields": {"name": "fa-js-square"}}, {"model": "dev_icons.icon", "pk": 4, "fields": {"name": "fa-python"}}, {"model": "dev_icons.icon", "pk": 5, "fields": {"name": "fa-github-square"}}, {"model": "dev_icons.icon", "pk": 6, "fields": {"name": "fa-docker"}}, {"model": "dev_icons.icon", "pk": 7, "fields": {"name": "fa-php"}}, {"model": "dev_icons.icon", "pk": 8, "fields": {"name": "fa-aws"}}, {"model": "dev_icons.icon", "pk": 9, "fields": {"name": "fa-java"}}, {"model": "dev_icons.devicon", "pk": 66, "fields": {"icon": 1, "link_title": "HTML5"}}, {"model": "dev_icons.devicon", "pk": 67, "fields": {"icon": 2, "link_title": "CSS"}}, {"model": "dev_icons.devicon", "pk": 68, "fields": {"icon": 3, "link_title": "JavaScript"}}, {"model": "dev_icons.devicon", "pk": 69, "fields": {"icon": 4, "link_title": "Python"}}, {"model": "dev_icons.devicon", "pk": 70, "fields": {"icon": 5, "link_title": "GitHub"}}, {"model": "dev_icons.devicon", "pk": 71, "fields": {"icon": 6, "link_title": "Docker"}}, {"model": "dev_icons.devicon", "pk": 72, "fields": {"icon": 7, "link_title": "PHP"}}, {"model": "dev_icons.devicon", "pk": 73, "fields": {"icon": 8, "link_title": "AWS"}}, {"model": "dev_icons.devicon", "pk": 74, "fields": {"icon": 9, "link_title": "JavaScript"}}, {"model": "dev_icons.devicon", "pk": 142, "fields": {"icon": 1, "link_title": "HTML5"}}, {"model": "dev_icons.devicon", "pk": 143, "fields": {"icon": 2, "link_title": "CSS"}}, {"model": "dev_icons.devicon", "pk": 144, "fields": {"icon": 3, "link_title": "JavaScript"}}, {"model": "dev_icons.devicon", "pk": 145, "fields": {"icon": 4, "link_title": "Python"}}, {"model": "dev_icons.devicon", "pk": 146, "fields": {"icon": 5, "link_title": "GitHub"}}, {"model": "dev_icons.devicon", "pk": 147, "fields": {"icon": 6, "link_title": "Docker"}}, {"model": "dev_icons.devicon", "pk": 148, "fields": {"icon": 7, "link_title": "PHP"}}, {"model": "dev_icons.devicon", "pk": 149, "fields": {"icon": 8, "link_title": "AWS"}}, {"model": "dev_icons.devicon", "pk": 150, "fields": {"icon": 9, "link_title": "JavaScript"}}, {"model": "auth.permission", "fields": {"name": "Can use Structure mode", "content_type": ["cms", "placeholder"], "codename": "use_structure"}}, {"model": "auth.permission", "fields": {"name": "Can change page", "content_type": ["cms", "page"], "codename": "change_page"}}, {"model": "auth.permission", "fields": {"name": "Can add permission", "content_type": ["auth", "permission"], "codename": "add_permission"}}, {"model": "auth.permission", "fields": {"name": "Can change permission", "content_type": ["auth", "permission"], "codename": "change_permission"}}, {"model": "auth.permission", "fields": {"name": "Can delete permission", "content_type": ["auth", "permission"], "codename": "delete_permission"}}, {"model": "auth.permission", "fields": {"name": "Can add group", "content_type": ["auth", "group"], "codename": "add_group"}}, {"model": "auth.permission", "fields": {"name": "Can change group", "content_type": ["auth", "group"], "codename": "change_group"}}, {"model": "auth.permission", "fields": {"name": "Can delete group", "content_type": ["auth", "group"], "codename": "delete_group"}}, {"model": "auth.permission", "fields": {"name": "Can add user", "content_type": ["auth", "user"], "codename": "add_user"}}, {"model": "auth.permission", "fields": {"name": "Can change user", "content_type": ["auth", "user"], "codename": "change_user"}}, {"model": "auth.permission", "fields": {"name": "Can delete user", "content_type": ["auth", "user"], "codename": "delete_user"}}, {"model": "auth.permission", "fields": {"name": "Can add content type", "content_type": ["contenttypes", "contenttype"], "codename": "add_contenttype"}}, {"model": "auth.permission", "fields": {"name": "Can change content type", "content_type": ["contenttypes", "contenttype"], "codename": "change_contenttype"}}, {"model": "auth.permission", "fields": {"name": "Can delete content type", "content_type": ["contenttypes", "contenttype"], "codename": "delete_contenttype"}}, {"model": "auth.permission", "fields": {"name": "Can add session", "content_type": ["sessions", "session"], "codename": "add_session"}}, {"model": "auth.permission", "fields": {"name": "Can change session", "content_type": ["sessions", "session"], "codename": "change_session"}}, {"model": "auth.permission", "fields": {"name": "Can delete session", "content_type": ["sessions", "session"], "codename": "delete_session"}}, {"model": "auth.permission", "fields": {"name": "Can add log entry", "content_type": ["admin", "logentry"], "codename": "add_logentry"}}, {"model": "auth.permission", "fields": {"name": "Can change log entry", "content_type": ["admin", "logentry"], "codename": "change_logentry"}}, {"model": "auth.permission", "fields": {"name": "Can delete log entry", "content_type": ["admin", "logentry"], "codename": "delete_logentry"}}, {"model": "auth.permission", "fields": {"name": "Can add site", "content_type": ["sites", "site"], "codename": "add_site"}}, {"model": "auth.permission", "fields": {"name": "Can change site", "content_type": ["sites", "site"], "codename": "change_site"}}, {"model": "auth.permission", "fields": {"name": "Can delete site", "content_type": ["sites", "site"], "codename": "delete_site"}}, {"model": "auth.permission", "fields": {"name": "Can add cms plugin", "content_type": ["cms", "cmsplugin"], "codename": "add_cmsplugin"}}, {"model": "auth.permission", "fields": {"name": "Can change cms plugin", "content_type": ["cms", "cmsplugin"], "codename": "change_cmsplugin"}}, {"model": "auth.permission", "fields": {"name": "Can delete cms plugin", "content_type": ["cms", "cmsplugin"], "codename": "delete_cmsplugin"}}, {"model": "auth.permission", "fields": {"name": "Can add alias plugin model", "content_type": ["cms", "aliaspluginmodel"], "codename": "add_aliaspluginmodel"}}, {"model": "auth.permission", "fields": {"name": "Can change alias plugin model", "content_type": ["cms", "aliaspluginmodel"], "codename": "change_aliaspluginmodel"}}, {"model": "auth.permission", "fields": {"name": "Can delete alias plugin model", "content_type": ["cms", "aliaspluginmodel"], "codename": "delete_aliaspluginmodel"}}, {"model": "auth.permission", "fields": {"name": "Can add Page global permission", "content_type": ["cms", "globalpagepermission"], "codename": "add_globalpagepermission"}}, {"model": "auth.permission", "fields": {"name": "Can change Page global permission", "content_type": ["cms", "globalpagepermission"], "codename": "change_globalpagepermission"}}, {"model": "auth.permission", "fields": {"name": "Can delete Page global permission", "content_type": ["cms", "globalpagepermission"], "codename": "delete_globalpagepermission"}}, {"model": "auth.permission", "fields": {"name": "Can add page", "content_type": ["cms", "page"], "codename": "add_page"}}, {"model": "auth.permission", "fields": {"name": "Can delete page", "content_type": ["cms", "page"], "codename": "delete_page"}}, {"model": "auth.permission", "fields": {"name": "Can view page", "content_type": ["cms", "page"], "codename": "view_page"}}, {"model": "auth.permission", "fields": {"name": "Can publish page", "content_type": ["cms", "page"], "codename": "publish_page"}}, {"model": "auth.permission", "fields": {"name": "Can edit static placeholders", "content_type": ["cms", "page"], "codename": "edit_static_placeholder"}}, {"model": "auth.permission", "fields": {"name": "Can add Page permission", "content_type": ["cms", "pagepermission"], "codename": "add_pagepermission"}}, {"model": "auth.permission", "fields": {"name": "Can change Page permission", "content_type": ["cms", "pagepermission"], "codename": "change_pagepermission"}}, {"model": "auth.permission", "fields": {"name": "Can delete Page permission", "content_type": ["cms", "pagepermission"], "codename": "delete_pagepermission"}}, {"model": "auth.permission", "fields": {"name": "Can add User (page)", "content_type": ["cms", "pageuser"], "codename": "add_pageuser"}}, {"model": "auth.permission", "fields": {"name": "Can change User (page)", "content_type": ["cms", "pageuser"], "codename": "change_pageuser"}}, {"model": "auth.permission", "fields": {"name": "Can delete User (page)", "content_type": ["cms", "pageuser"], "codename": "delete_pageuser"}}, {"model": "auth.permission", "fields": {"name": "Can add User group (page)", "content_type": ["cms", "pageusergroup"], "codename": "add_pageusergroup"}}, {"model": "auth.permission", "fields": {"name": "Can change User group (page)", "content_type": ["cms", "pageusergroup"], "codename": "change_pageusergroup"}}, {"model": "auth.permission", "fields": {"name": "Can delete User group (page)", "content_type": ["cms", "pageusergroup"], "codename": "delete_pageusergroup"}}, {"model": "auth.permission", "fields": {"name": "Can add placeholder", "content_type": ["cms", "placeholder"], "codename": "add_placeholder"}}, {"model": "auth.permission", "fields": {"name": "Can change placeholder", "content_type": ["cms", "placeholder"], "codename": "change_placeholder"}}, {"model": "auth.permission", "fields": {"name": "Can delete placeholder", "content_type": ["cms", "placeholder"], "codename": "delete_placeholder"}}, {"model": "auth.permission", "fields": {"name": "Can add placeholder reference", "content_type": ["cms", "placeholderreference"], "codename": "add_placeholderreference"}}, {"model": "auth.permission", "fields": {"name": "Can change placeholder reference", "content_type": ["cms", "placeholderreference"], "codename": "change_placeholderreference"}}, {"model": "auth.permission", "fields": {"name": "Can delete placeholder reference", "content_type": ["cms", "placeholderreference"], "codename": "delete_placeholderreference"}}, {"model": "auth.permission", "fields": {"name": "Can add static placeholder", "content_type": ["cms", "staticplaceholder"], "codename": "add_staticplaceholder"}}, {"model": "auth.permission", "fields": {"name": "Can change static placeholder", "content_type": ["cms", "staticplaceholder"], "codename": "change_staticplaceholder"}}, {"model": "auth.permission", "fields": {"name": "Can delete static placeholder", "content_type": ["cms", "staticplaceholder"], "codename": "delete_staticplaceholder"}}, {"model": "auth.permission", "fields": {"name": "Can add title", "content_type": ["cms", "title"], "codename": "add_title"}}, {"model": "auth.permission", "fields": {"name": "Can change title", "content_type": ["cms", "title"], "codename": "change_title"}}, {"model": "auth.permission", "fields": {"name": "Can delete title", "content_type": ["cms", "title"], "codename": "delete_title"}}, {"model": "auth.permission", "fields": {"name": "Can add user setting", "content_type": ["cms", "usersettings"], "codename": "add_usersettings"}}, {"model": "auth.permission", "fields": {"name": "Can change user setting", "content_type": ["cms", "usersettings"], "codename": "change_usersettings"}}, {"model": "auth.permission", "fields": {"name": "Can delete user setting", "content_type": ["cms", "usersettings"], "codename": "delete_usersettings"}}, {"model": "auth.permission", "fields": {"name": "Can add urlconf revision", "content_type": ["cms", "urlconfrevision"], "codename": "add_urlconfrevision"}}, {"model": "auth.permission", "fields": {"name": "Can change urlconf revision", "content_type": ["cms", "urlconfrevision"], "codename": "change_urlconfrevision"}}, {"model": "auth.permission", "fields": {"name": "Can delete urlconf revision", "content_type": ["cms", "urlconfrevision"], "codename": "delete_urlconfrevision"}}, {"model": "auth.permission", "fields": {"name": "Can add cache key", "content_type": ["menus", "cachekey"], "codename": "add_cachekey"}}, {"model": "auth.permission", "fields": {"name": "Can change cache key", "content_type": ["menus", "cachekey"], "codename": "change_cachekey"}}, {"model": "auth.permission", "fields": {"name": "Can delete cache key", "content_type": ["menus", "cachekey"], "codename": "delete_cachekey"}}, {"model": "auth.permission", "fields": {"name": "Can add text", "content_type": ["djangocms_text_ckeditor", "text"], "codename": "add_text"}}, {"model": "auth.permission", "fields": {"name": "Can change text", "content_type": ["djangocms_text_ckeditor", "text"], "codename": "change_text"}}, {"model": "auth.permission", "fields": {"name": "Can delete text", "content_type": ["djangocms_text_ckeditor", "text"], "codename": "delete_text"}}, {"model": "auth.permission", "fields": {"name": "Can add clipboard", "content_type": ["filer", "clipboard"], "codename": "add_clipboard"}}, {"model": "auth.permission", "fields": {"name": "Can change clipboard", "content_type": ["filer", "clipboard"], "codename": "change_clipboard"}}, {"model": "auth.permission", "fields": {"name": "Can delete clipboard", "content_type": ["filer", "clipboard"], "codename": "delete_clipboard"}}, {"model": "auth.permission", "fields": {"name": "Can add clipboard item", "content_type": ["filer", "clipboarditem"], "codename": "add_clipboarditem"}}, {"model": "auth.permission", "fields": {"name": "Can change clipboard item", "content_type": ["filer", "clipboarditem"], "codename": "change_clipboarditem"}}, {"model": "auth.permission", "fields": {"name": "Can delete clipboard item", "content_type": ["filer", "clipboarditem"], "codename": "delete_clipboarditem"}}, {"model": "auth.permission", "fields": {"name": "Can add file", "content_type": ["filer", "file"], "codename": "add_file"}}, {"model": "auth.permission", "fields": {"name": "Can change file", "content_type": ["filer", "file"], "codename": "change_file"}}, {"model": "auth.permission", "fields": {"name": "Can delete file", "content_type": ["filer", "file"], "codename": "delete_file"}}, {"model": "auth.permission", "fields": {"name": "Can add Folder", "content_type": ["filer", "folder"], "codename": "add_folder"}}, {"model": "auth.permission", "fields": {"name": "Can change Folder", "content_type": ["filer", "folder"], "codename": "change_folder"}}, {"model": "auth.permission", "fields": {"name": "Can delete Folder", "content_type": ["filer", "folder"], "codename": "delete_folder"}}, {"model": "auth.permission", "fields": {"name": "Can use directory listing", "content_type": ["filer", "folder"], "codename": "can_use_directory_listing"}}, {"model": "auth.permission", "fields": {"name": "Can add folder permission", "content_type": ["filer", "folderpermission"], "codename": "add_folderpermission"}}, {"model": "auth.permission", "fields": {"name": "Can change folder permission", "content_type": ["filer", "folderpermission"], "codename": "change_folderpermission"}}, {"model": "auth.permission", "fields": {"name": "Can delete folder permission", "content_type": ["filer", "folderpermission"], "codename": "delete_folderpermission"}}, {"model": "auth.permission", "fields": {"name": "Can add image", "content_type": ["filer", "image"], "codename": "add_image"}}, {"model": "auth.permission", "fields": {"name": "Can change image", "content_type": ["filer", "image"], "codename": "change_image"}}, {"model": "auth.permission", "fields": {"name": "Can delete image", "content_type": ["filer", "image"], "codename": "delete_image"}}, {"model": "auth.permission", "fields": {"name": "Can add thumbnail option", "content_type": ["filer", "thumbnailoption"], "codename": "add_thumbnailoption"}}, {"model": "auth.permission", "fields": {"name": "Can change thumbnail option", "content_type": ["filer", "thumbnailoption"], "codename": "change_thumbnailoption"}}, {"model": "auth.permission", "fields": {"name": "Can delete thumbnail option", "content_type": ["filer", "thumbnailoption"], "codename": "delete_thumbnailoption"}}, {"model": "auth.permission", "fields": {"name": "Can add source", "content_type": ["easy_thumbnails", "source"], "codename": "add_source"}}, {"model": "auth.permission", "fields": {"name": "Can change source", "content_type": ["easy_thumbnails", "source"], "codename": "change_source"}}, {"model": "auth.permission", "fields": {"name": "Can delete source", "content_type": ["easy_thumbnails", "source"], "codename": "delete_source"}}, {"model": "auth.permission", "fields": {"name": "Can add thumbnail", "content_type": ["easy_thumbnails", "thumbnail"], "codename": "add_thumbnail"}}, {"model": "auth.permission", "fields": {"name": "Can change thumbnail", "content_type": ["easy_thumbnails", "thumbnail"], "codename": "change_thumbnail"}}, {"model": "auth.permission", "fields": {"name": "Can delete thumbnail", "content_type": ["easy_thumbnails", "thumbnail"], "codename": "delete_thumbnail"}}, {"model": "auth.permission", "fields": {"name": "Can add thumbnail dimensions", "content_type": ["easy_thumbnails", "thumbnaildimensions"], "codename": "add_thumbnaildimensions"}}, {"model": "auth.permission", "fields": {"name": "Can change thumbnail dimensions", "content_type": ["easy_thumbnails", "thumbnaildimensions"], "codename": "change_thumbnaildimensions"}}, {"model": "auth.permission", "fields": {"name": "Can delete thumbnail dimensions", "content_type": ["easy_thumbnails", "thumbnaildimensions"], "codename": "delete_thumbnaildimensions"}}, {"model": "auth.permission", "fields": {"name": "Can add column", "content_type": ["djangocms_column", "column"], "codename": "add_column"}}, {"model": "auth.permission", "fields": {"name": "Can change column", "content_type": ["djangocms_column", "column"], "codename": "change_column"}}, {"model": "auth.permission", "fields": {"name": "Can delete column", "content_type": ["djangocms_column", "column"], "codename": "delete_column"}}, {"model": "auth.permission", "fields": {"name": "Can add multi columns", "content_type": ["djangocms_column", "multicolumns"], "codename": "add_multicolumns"}}, {"model": "auth.permission", "fields": {"name": "Can change multi columns", "content_type": ["djangocms_column", "multicolumns"], "codename": "change_multicolumns"}}, {"model": "auth.permission", "fields": {"name": "Can delete multi columns", "content_type": ["djangocms_column", "multicolumns"], "codename": "delete_multicolumns"}}, {"model": "auth.permission", "fields": {"name": "Can add file", "content_type": ["djangocms_file", "file"], "codename": "add_file"}}, {"model": "auth.permission", "fields": {"name": "Can change file", "content_type": ["djangocms_file", "file"], "codename": "change_file"}}, {"model": "auth.permission", "fields": {"name": "Can delete file", "content_type": ["djangocms_file", "file"], "codename": "delete_file"}}, {"model": "auth.permission", "fields": {"name": "Can add folder", "content_type": ["djangocms_file", "folder"], "codename": "add_folder"}}, {"model": "auth.permission", "fields": {"name": "Can change folder", "content_type": ["djangocms_file", "folder"], "codename": "change_folder"}}, {"model": "auth.permission", "fields": {"name": "Can delete folder", "content_type": ["djangocms_file", "folder"], "codename": "delete_folder"}}, {"model": "auth.permission", "fields": {"name": "Can add link", "content_type": ["djangocms_link", "link"], "codename": "add_link"}}, {"model": "auth.permission", "fields": {"name": "Can change link", "content_type": ["djangocms_link", "link"], "codename": "change_link"}}, {"model": "auth.permission", "fields": {"name": "Can delete link", "content_type": ["djangocms_link", "link"], "codename": "delete_link"}}, {"model": "auth.permission", "fields": {"name": "Can add picture", "content_type": ["djangocms_picture", "picture"], "codename": "add_picture"}}, {"model": "auth.permission", "fields": {"name": "Can change picture", "content_type": ["djangocms_picture", "picture"], "codename": "change_picture"}}, {"model": "auth.permission", "fields": {"name": "Can delete picture", "content_type": ["djangocms_picture", "picture"], "codename": "delete_picture"}}, {"model": "auth.permission", "fields": {"name": "Can add style", "content_type": ["djangocms_style", "style"], "codename": "add_style"}}, {"model": "auth.permission", "fields": {"name": "Can change style", "content_type": ["djangocms_style", "style"], "codename": "change_style"}}, {"model": "auth.permission", "fields": {"name": "Can delete style", "content_type": ["djangocms_style", "style"], "codename": "delete_style"}}, {"model": "auth.permission", "fields": {"name": "Can add Snippet", "content_type": ["djangocms_snippet", "snippet"], "codename": "add_snippet"}}, {"model": "auth.permission", "fields": {"name": "Can change Snippet", "content_type": ["djangocms_snippet", "snippet"], "codename": "change_snippet"}}, {"model": "auth.permission", "fields": {"name": "Can delete Snippet", "content_type": ["djangocms_snippet", "snippet"], "codename": "delete_snippet"}}, {"model": "auth.permission", "fields": {"name": "Can add Snippet", "content_type": ["djangocms_snippet", "snippetptr"], "codename": "add_snippetptr"}}, {"model": "auth.permission", "fields": {"name": "Can change Snippet", "content_type": ["djangocms_snippet", "snippetptr"], "codename": "change_snippetptr"}}, {"model": "auth.permission", "fields": {"name": "Can delete Snippet", "content_type": ["djangocms_snippet", "snippetptr"], "codename": "delete_snippetptr"}}, {"model": "auth.permission", "fields": {"name": "Can add google map", "content_type": ["djangocms_googlemap", "googlemap"], "codename": "add_googlemap"}}, {"model": "auth.permission", "fields": {"name": "Can change google map", "content_type": ["djangocms_googlemap", "googlemap"], "codename": "change_googlemap"}}, {"model": "auth.permission", "fields": {"name": "Can delete google map", "content_type": ["djangocms_googlemap", "googlemap"], "codename": "delete_googlemap"}}, {"model": "auth.permission", "fields": {"name": "Can add google map marker", "content_type": ["djangocms_googlemap", "googlemapmarker"], "codename": "add_googlemapmarker"}}, {"model": "auth.permission", "fields": {"name": "Can change google map marker", "content_type": ["djangocms_googlemap", "googlemapmarker"], "codename": "change_googlemapmarker"}}, {"model": "auth.permission", "fields": {"name": "Can delete google map marker", "content_type": ["djangocms_googlemap", "googlemapmarker"], "codename": "delete_googlemapmarker"}}, {"model": "auth.permission", "fields": {"name": "Can add google map route", "content_type": ["djangocms_googlemap", "googlemaproute"], "codename": "add_googlemaproute"}}, {"model": "auth.permission", "fields": {"name": "Can change google map route", "content_type": ["djangocms_googlemap", "googlemaproute"], "codename": "change_googlemaproute"}}, {"model": "auth.permission", "fields": {"name": "Can delete google map route", "content_type": ["djangocms_googlemap", "googlemaproute"], "codename": "delete_googlemaproute"}}, {"model": "auth.permission", "fields": {"name": "Can add video player", "content_type": ["djangocms_video", "videoplayer"], "codename": "add_videoplayer"}}, {"model": "auth.permission", "fields": {"name": "Can change video player", "content_type": ["djangocms_video", "videoplayer"], "codename": "change_videoplayer"}}, {"model": "auth.permission", "fields": {"name": "Can delete video player", "content_type": ["djangocms_video", "videoplayer"], "codename": "delete_videoplayer"}}, {"model": "auth.permission", "fields": {"name": "Can add video source", "content_type": ["djangocms_video", "videosource"], "codename": "add_videosource"}}, {"model": "auth.permission", "fields": {"name": "Can change video source", "content_type": ["djangocms_video", "videosource"], "codename": "change_videosource"}}, {"model": "auth.permission", "fields": {"name": "Can delete video source", "content_type": ["djangocms_video", "videosource"], "codename": "delete_videosource"}}, {"model": "auth.permission", "fields": {"name": "Can add video track", "content_type": ["djangocms_video", "videotrack"], "codename": "add_videotrack"}}, {"model": "auth.permission", "fields": {"name": "Can change video track", "content_type": ["djangocms_video", "videotrack"], "codename": "change_videotrack"}}, {"model": "auth.permission", "fields": {"name": "Can delete video track", "content_type": ["djangocms_video", "videotrack"], "codename": "delete_videotrack"}}, {"model": "auth.permission", "fields": {"name": "Can add icon", "content_type": ["social_icons", "icon"], "codename": "add_icon"}}, {"model": "auth.permission", "fields": {"name": "Can change icon", "content_type": ["social_icons", "icon"], "codename": "change_icon"}}, {"model": "auth.permission", "fields": {"name": "Can delete icon", "content_type": ["social_icons", "icon"], "codename": "delete_icon"}}, {"model": "auth.permission", "fields": {"name": "Can add social icon", "content_type": ["social_icons", "socialicon"], "codename": "add_socialicon"}}, {"model": "auth.permission", "fields": {"name": "Can change social icon", "content_type": ["social_icons", "socialicon"], "codename": "change_socialicon"}}, {"model": "auth.permission", "fields": {"name": "Can delete social icon", "content_type": ["social_icons", "socialicon"], "codename": "delete_socialicon"}}, {"model": "auth.permission", "fields": {"name": "Can add social", "content_type": ["social_icons", "social"], "codename": "add_social"}}, {"model": "auth.permission", "fields": {"name": "Can change social", "content_type": ["social_icons", "social"], "codename": "change_social"}}, {"model": "auth.permission", "fields": {"name": "Can delete social", "content_type": ["social_icons", "social"], "codename": "delete_social"}}, {"model": "auth.permission", "fields": {"name": "Can add resume item", "content_type": ["resume_item", "resumeitem"], "codename": "add_resumeitem"}}, {"model": "auth.permission", "fields": {"name": "Can change resume item", "content_type": ["resume_item", "resumeitem"], "codename": "change_resumeitem"}}, {"model": "auth.permission", "fields": {"name": "Can delete resume item", "content_type": ["resume_item", "resumeitem"], "codename": "delete_resumeitem"}}, {"model": "auth.permission", "fields": {"name": "Can add resume section", "content_type": ["resume_section", "resumesection"], "codename": "add_resumesection"}}, {"model": "auth.permission", "fields": {"name": "Can change resume section", "content_type": ["resume_section", "resumesection"], "codename": "change_resumesection"}}, {"model": "auth.permission", "fields": {"name": "Can delete resume section", "content_type": ["resume_section", "resumesection"], "codename": "delete_resumesection"}}, {"model": "auth.permission", "fields": {"name": "Can add resume main info", "content_type": ["resume_main_info", "resumemaininfo"], "codename": "add_resumemaininfo"}}, {"model": "auth.permission", "fields": {"name": "Can change resume main info", "content_type": ["resume_main_info", "resumemaininfo"], "codename": "change_resumemaininfo"}}, {"model": "auth.permission", "fields": {"name": "Can delete resume main info", "content_type": ["resume_main_info", "resumemaininfo"], "codename": "delete_resumemaininfo"}}, {"model": "auth.permission", "fields": {"name": "Can add resume subheading", "content_type": ["resume_subheading", "resumesubheading"], "codename": "add_resumesubheading"}}, {"model": "auth.permission", "fields": {"name": "Can change resume subheading", "content_type": ["resume_subheading", "resumesubheading"], "codename": "change_resumesubheading"}}, {"model": "auth.permission", "fields": {"name": "Can delete resume subheading", "content_type": ["resume_subheading", "resumesubheading"], "codename": "delete_resumesubheading"}}, {"model": "auth.permission", "fields": {"name": "Can add dev", "content_type": ["dev_icons", "dev"], "codename": "add_dev"}}, {"model": "auth.permission", "fields": {"name": "Can change dev", "content_type": ["dev_icons", "dev"], "codename": "change_dev"}}, {"model": "auth.permission", "fields": {"name": "Can delete dev", "content_type": ["dev_icons", "dev"], "codename": "delete_dev"}}, {"model": "auth.permission", "fields": {"name": "Can add dev icon", "content_type": ["dev_icons", "devicon"], "codename": "add_devicon"}}, {"model": "auth.permission", "fields": {"name": "Can change dev icon", "content_type": ["dev_icons", "devicon"], "codename": "change_devicon"}}, {"model": "auth.permission", "fields": {"name": "Can delete dev icon", "content_type": ["dev_icons", "devicon"], "codename": "delete_devicon"}}, {"model": "auth.permission", "fields": {"name": "Can add icon", "content_type": ["dev_icons", "icon"], "codename": "add_icon"}}, {"model": "auth.permission", "fields": {"name": "Can change icon", "content_type": ["dev_icons", "icon"], "codename": "change_icon"}}, {"model": "auth.permission", "fields": {"name": "Can delete icon", "content_type": ["dev_icons", "icon"], "codename": "delete_icon"}}, {"model": "auth.user", "fields": {"password": "pbkdf2_sha256$36000$wI1dkSCO5G3G$G2AMVkOFh3vD3rF2/YeukNiltH7zQnOcadIG42b06AM=", "last_login": "2019-02-16T11:04:30.493Z", "is_superuser": true, "username": "admin", "first_name": "", "last_name": "", "email": "admin@admin.com", "is_staff": true, "is_active": true, "date_joined": "2019-02-16T09:29:22.803Z", "groups": [], "user_permissions": []}}, {"model": "admin.logentry", "pk": 1, "fields": {"action_time": "2019-02-16T10:21:08.801Z", "user": ["admin"], "content_type": ["cms", "page"], "object_id": "3", "object_repr": "About", "action_flag": 2, "change_message": "[]"}}, {"model": "admin.logentry", "pk": 2, "fields": {"action_time": "2019-02-16T10:29:33.818Z", "user": ["admin"], "content_type": ["cms", "page"], "object_id": "1", "object_repr": "Hello", "action_flag": 3, "change_message": ""}}, {"model": "admin.logentry", "pk": 3, "fields": {"action_time": "2019-02-16T10:29:42.347Z", "user": ["admin"], "content_type": ["cms", "page"], "object_id": "4", "object_repr": "About", "action_flag": 1, "change_message": "[{\"added\": {}}]"}}, {"model": "admin.logentry", "pk": 4, "fields": {"action_time": "2019-02-16T10:29:58.241Z", "user": ["admin"], "content_type": ["cms", "page"], "object_id": "6", "object_repr": "Experience", "action_flag": 1, "change_message": "[{\"added\": {}}]"}}, {"model": "admin.logentry", "pk": 5, "fields": {"action_time": "2019-02-16T10:30:07.510Z", "user": ["admin"], "content_type": ["cms", "page"], "object_id": "7", "object_repr": "Education", "action_flag": 1, "change_message": "[{\"added\": {}}]"}}, {"model": "admin.logentry", "pk": 6, "fields": {"action_time": "2019-02-16T10:30:15.787Z", "user": ["admin"], "content_type": ["cms", "page"], "object_id": "8", "object_repr": "Skills", "action_flag": 1, "change_message": "[{\"added\": {}}]"}}, {"model": "admin.logentry", "pk": 7, "fields": {"action_time": "2019-02-16T10:30:21.755Z", "user": ["admin"], "content_type": ["cms", "page"], "object_id": "9", "object_repr": "Interests", "action_flag": 1, "change_message": "[{\"added\": {}}]"}}, {"model": "admin.logentry", "pk": 8, "fields": {"action_time": "2019-02-16T10:30:30.671Z", "user": ["admin"], "content_type": ["cms", "page"], "object_id": "10", "object_repr": "Awards", "action_flag": 1, "change_message": "[{\"added\": {}}]"}}, {"model": "admin.logentry", "pk": 9, "fields": {"action_time": "2019-02-16T10:31:08.884Z", "user": ["admin"], "content_type": ["cms", "page"], "object_id": "10", "object_repr": "Awards", "action_flag": 2, "change_message": ""}}, {"model": "admin.logentry", "pk": 10, "fields": {"action_time": "2019-02-16T10:31:11.050Z", "user": ["admin"], "content_type": ["cms", "page"], "object_id": "9", "object_repr": "Interests", "action_flag": 2, "change_message": ""}}, {"model": "admin.logentry", "pk": 11, "fields": {"action_time": "2019-02-16T10:31:13.041Z", "user": ["admin"], "content_type": ["cms", "page"], "object_id": "8", "object_repr": "Skills", "action_flag": 2, "change_message": ""}}, {"model": "admin.logentry", "pk": 12, "fields": {"action_time": "2019-02-16T10:31:15.534Z", "user": ["admin"], "content_type": ["cms", "page"], "object_id": "7", "object_repr": "Education", "action_flag": 2, "change_message": ""}}, {"model": "admin.logentry", "pk": 13, "fields": {"action_time": "2019-02-16T10:31:17.503Z", "user": ["admin"], "content_type": ["cms", "page"], "object_id": "6", "object_repr": "Experience", "action_flag": 2, "change_message": ""}}, {"model": "admin.logentry", "pk": 14, "fields": {"action_time": "2019-02-16T10:48:26.413Z", "user": ["admin"], "content_type": ["djangocms_text_ckeditor", "text"], "object_id": "1", "object_repr": "hello", "action_flag": 3, "change_message": ""}}, {"model": "admin.logentry", "pk": 15, "fields": {"action_time": "2019-02-16T11:02:35.194Z", "user": ["admin"], "content_type": ["cms", "page"], "object_id": "4", "object_repr": "About", "action_flag": 2, "change_message": ""}}, {"model": "admin.logentry", "pk": 16, "fields": {"action_time": "2019-02-16T13:14:35.375Z", "user": ["admin"], "content_type": ["social_icons", "icon"], "object_id": "1", "object_repr": "fa-twitter", "action_flag": 1, "change_message": "[{\"added\": {}}]"}}, {"model": "admin.logentry", "pk": 17, "fields": {"action_time": "2019-02-16T13:15:42.261Z", "user": ["admin"], "content_type": ["social_icons", "icon"], "object_id": "2", "object_repr": "fa-linkedin-in", "action_flag": 1, "change_message": "[{\"added\": {}}]"}}, {"model": "admin.logentry", "pk": 18, "fields": {"action_time": "2019-02-16T13:16:19.253Z", "user": ["admin"], "content_type": ["social_icons", "icon"], "object_id": "3", "object_repr": "fa-github", "action_flag": 1, "change_message": "[{\"added\": {}}]"}}, {"model": "admin.logentry", "pk": 19, "fields": {"action_time": "2019-02-16T13:17:42.541Z", "user": ["admin"], "content_type": ["social_icons", "icon"], "object_id": "4", "object_repr": "https://www.facebook.com/james.roberts.50767", "action_flag": 1, "change_message": "[{\"added\": {}}]"}}, {"model": "admin.logentry", "pk": 20, "fields": {"action_time": "2019-02-16T13:18:00.631Z", "user": ["admin"], "content_type": ["social_icons", "icon"], "object_id": "5", "object_repr": "fa-facebook-f", "action_flag": 1, "change_message": "[{\"added\": {}}]"}}, {"model": "admin.logentry", "pk": 21, "fields": {"action_time": "2019-02-16T13:19:37.053Z", "user": ["admin"], "content_type": ["cms", "page"], "object_id": "4", "object_repr": "About", "action_flag": 2, "change_message": ""}}, {"model": "admin.logentry", "pk": 22, "fields": {"action_time": "2019-02-16T13:31:02.245Z", "user": ["admin"], "content_type": ["cms", "page"], "object_id": "16", "object_repr": "Danni", "action_flag": 1, "change_message": "[{\"added\": {}}]"}}, {"model": "admin.logentry", "pk": 23, "fields": {"action_time": "2019-02-16T13:46:06.151Z", "user": ["admin"], "content_type": ["djangocms_style", "style"], "object_id": "12", "object_repr": "Main", "action_flag": 3, "change_message": ""}}, {"model": "admin.logentry", "pk": 24, "fields": {"action_time": "2019-02-16T14:24:39.438Z", "user": ["admin"], "content_type": ["djangocms_text_ckeditor", "text"], "object_id": "14", "object_repr": "bullshit", "action_flag": 3, "change_message": ""}}, {"model": "admin.logentry", "pk": 25, "fields": {"action_time": "2019-02-16T14:35:57.283Z", "user": ["admin"], "content_type": ["resume_section", "resumesection"], "object_id": "15", "object_repr": "Experience", "action_flag": 3, "change_message": ""}}, {"model": "admin.logentry", "pk": 26, "fields": {"action_time": "2019-02-16T14:36:02.212Z", "user": ["admin"], "content_type": ["social_icons", "social"], "object_id": "2", "object_repr": "Socials", "action_flag": 3, "change_message": ""}}, {"model": "admin.logentry", "pk": 27, "fields": {"action_time": "2019-02-16T14:36:09.971Z", "user": ["admin"], "content_type": ["cms", "page"], "object_id": "16", "object_repr": "Danni", "action_flag": 3, "change_message": ""}}, {"model": "admin.logentry", "pk": 28, "fields": {"action_time": "2019-02-16T14:39:21.213Z", "user": ["admin"], "content_type": ["cms", "page"], "object_id": "4", "object_repr": "About", "action_flag": 2, "change_message": ""}}, {"model": "admin.logentry", "pk": 29, "fields": {"action_time": "2019-02-16T15:00:00.081Z", "user": ["admin"], "content_type": ["cms", "page"], "object_id": "4", "object_repr": "About", "action_flag": 2, "change_message": ""}}, {"model": "admin.logentry", "pk": 30, "fields": {"action_time": "2019-02-16T15:02:29.589Z", "user": ["admin"], "content_type": ["resume_main_info", "resumemaininfo"], "object_id": "20", "object_repr": "info", "action_flag": 3, "change_message": ""}}, {"model": "admin.logentry", "pk": 31, "fields": {"action_time": "2019-02-16T15:05:06.091Z", "user": ["admin"], "content_type": ["cms", "page"], "object_id": "4", "object_repr": "About", "action_flag": 2, "change_message": ""}}, {"model": "admin.logentry", "pk": 32, "fields": {"action_time": "2019-02-16T15:12:48.568Z", "user": ["admin"], "content_type": ["cms", "page"], "object_id": "6", "object_repr": "Experience", "action_flag": 2, "change_message": ""}}, {"model": "admin.logentry", "pk": 33, "fields": {"action_time": "2019-02-16T15:15:22.953Z", "user": ["admin"], "content_type": ["cms", "page"], "object_id": "7", "object_repr": "Education", "action_flag": 2, "change_message": ""}}, {"model": "admin.logentry", "pk": 34, "fields": {"action_time": "2019-02-16T15:18:46.985Z", "user": ["admin"], "content_type": ["cms", "page"], "object_id": "7", "object_repr": "Education", "action_flag": 2, "change_message": ""}}, {"model": "admin.logentry", "pk": 35, "fields": {"action_time": "2019-02-16T15:40:07.769Z", "user": ["admin"], "content_type": ["dev_icons", "icon"], "object_id": "1", "object_repr": "fa-html5", "action_flag": 1, "change_message": "[{\"added\": {}}]"}}, {"model": "admin.logentry", "pk": 36, "fields": {"action_time": "2019-02-16T15:40:27.076Z", "user": ["admin"], "content_type": ["dev_icons", "icon"], "object_id": "2", "object_repr": "fa-css3-alt", "action_flag": 1, "change_message": "[{\"added\": {}}]"}}, {"model": "admin.logentry", "pk": 37, "fields": {"action_time": "2019-02-16T15:40:45.625Z", "user": ["admin"], "content_type": ["dev_icons", "icon"], "object_id": "3", "object_repr": "fa-js-square", "action_flag": 1, "change_message": "[{\"added\": {}}]"}}, {"model": "admin.logentry", "pk": 38, "fields": {"action_time": "2019-02-16T15:41:25.488Z", "user": ["admin"], "content_type": ["dev_icons", "icon"], "object_id": "4", "object_repr": "fa-python", "action_flag": 1, "change_message": "[{\"added\": {}}]"}}, {"model": "admin.logentry", "pk": 39, "fields": {"action_time": "2019-02-16T15:42:13.150Z", "user": ["admin"], "content_type": ["dev_icons", "icon"], "object_id": "5", "object_repr": "fa-github-square", "action_flag": 1, "change_message": "[{\"added\": {}}]"}}, {"model": "admin.logentry", "pk": 40, "fields": {"action_time": "2019-02-16T15:42:37.992Z", "user": ["admin"], "content_type": ["dev_icons", "icon"], "object_id": "6", "object_repr": "fa-docker", "action_flag": 1, "change_message": "[{\"added\": {}}]"}}, {"model": "admin.logentry", "pk": 41, "fields": {"action_time": "2019-02-16T15:43:02.982Z", "user": ["admin"], "content_type": ["dev_icons", "icon"], "object_id": "7", "object_repr": "fa-php", "action_flag": 1, "change_message": "[{\"added\": {}}]"}}, {"model": "admin.logentry", "pk": 42, "fields": {"action_time": "2019-02-16T15:43:37.613Z", "user": ["admin"], "content_type": ["dev_icons", "icon"], "object_id": "8", "object_repr": "fa-aws", "action_flag": 1, "change_message": "[{\"added\": {}}]"}}, {"model": "admin.logentry", "pk": 43, "fields": {"action_time": "2019-02-16T15:46:01.743Z", "user": ["admin"], "content_type": ["dev_icons", "icon"], "object_id": "9", "object_repr": "fa-java", "action_flag": 1, "change_message": "[{\"added\": {}}]"}}, {"model": "admin.logentry", "pk": 44, "fields": {"action_time": "2019-02-16T15:51:13.012Z", "user": ["admin"], "content_type": ["cms", "page"], "object_id": "8", "object_repr": "Skills", "action_flag": 2, "change_message": ""}}, {"model": "admin.logentry", "pk": 45, "fields": {"action_time": "2019-02-16T15:54:10.686Z", "user": ["admin"], "content_type": ["cms", "page"], "object_id": "9", "object_repr": "Interests", "action_flag": 2, "change_message": ""}}, {"model": "admin.logentry", "pk": 46, "fields": {"action_time": "2019-02-16T15:57:11.205Z", "user": ["admin"], "content_type": ["cms", "page"], "object_id": "10", "object_repr": "Awards", "action_flag": 2, "change_message": ""}}, {"model": "admin.logentry", "pk": 47, "fields": {"action_time": "2019-02-16T15:58:32.943Z", "user": ["admin"], "content_type": ["cms", "page"], "object_id": "9", "object_repr": "Interests", "action_flag": 2, "change_message": ""}}, {"model": "admin.logentry", "pk": 48, "fields": {"action_time": "2019-02-24T11:06:50.236Z", "user": ["admin"], "content_type": ["cms", "page"], "object_id": "4", "object_repr": "About", "action_flag": 2, "change_message": ""}}, {"model": "admin.logentry", "pk": 49, "fields": {"action_time": "2019-02-24T11:15:01.926Z", "user": ["admin"], "content_type": ["cms", "page"], "object_id": "6", "object_repr": "Experience", "action_flag": 2, "change_message": ""}}, {"model": "admin.logentry", "pk": 50, "fields": {"action_time": "2019-02-24T11:37:03.453Z", "user": ["admin"], "content_type": ["cms", "page"], "object_id": "7", "object_repr": "Education", "action_flag": 2, "change_message": ""}}, {"model": "admin.logentry", "pk": 51, "fields": {"action_time": "2019-02-24T11:39:01.457Z", "user": ["admin"], "content_type": ["cms", "page"], "object_id": "8", "object_repr": "Skills", "action_flag": 2, "change_message": ""}}, {"model": "admin.logentry", "pk": 52, "fields": {"action_time": "2019-02-24T11:43:42.699Z", "user": ["admin"], "content_type": ["cms", "page"], "object_id": "8", "object_repr": "Skills", "action_flag": 2, "change_message": ""}}, {"model": "cms.usersettings", "pk": 1, "fields": {"user": ["admin"], "language": "en", "clipboard": 1}}]